name,branche,telefon,email,adresse,website,hat_website,website_erreichbar,website_alter_jahre,hat_ssl,ladezeit_ms,ist_mobilfreundlich,wayback_datum,google_place_id,google_rating,google_bewertungen,score,score_gruende,gefunden_am,status
W. Jung & Söhne - 𝗕𝗮𝗱𝘀𝗮𝗻𝗶𝗲𝗿𝘂𝗻𝗴 & 𝗚𝗮𝘀 𝗪𝗮𝘀𝘀𝗲𝗿 𝗜𝗻𝘀𝘁𝗮𝗹𝗹𝗮𝘁𝗲𝘂𝗿,Klempner,0511 737564,,"Klusriede 18, 30851 Langenhagen, Deutschland",http://www.jung-langenhagen.de/,True,True,21,False,8286,False,02.02.2005,ChIJm7fvrh9zsEcRk2GqnYF4Ffs,4.9,75,80,Website sehr alt (21 Jahre) (+25) | Kein HTTPS (+10) | Nicht mobilfreundlich (+15) | Sehr langsam (8286ms) (+10) | Viele Bewertungen (75) (+10) | Sehr gute Bewertung (+5) | Telefon bekannt (+5),2026-05-28,neu
W. Jung & Söhne - 𝗕𝗮𝗱𝘀𝗮𝗻𝗶𝗲𝗿𝘂𝗻𝗴 & 𝗚𝗮𝘀 𝗪𝗮𝘀𝘀𝗲𝗿 𝗜𝗻𝘀𝘁𝗮𝗹𝗹𝗮𝘁𝗲𝘂𝗿,Installateur,0511 737564,,"Klusriede 18, 30851 Langenhagen, Deutschland",http://www.jung-langenhagen.de/,True,True,21,False,3847,False,02.02.2005,ChIJm7fvrh9zsEcRk2GqnYF4Ffs,4.9,75,80,Website sehr alt (21 Jahre) (+25) | Kein HTTPS (+10) | Nicht mobilfreundlich (+15) | Sehr langsam (3847ms) (+10) | Viele Bewertungen (75) (+10) | Sehr gute Bewertung (+5) | Telefon bekannt (+5),2026-05-28,neu
W. Jung & Söhne - 𝗕𝗮𝗱𝘀𝗮𝗻𝗶𝗲𝗿𝘂𝗻𝗴 & 𝗚𝗮𝘀 𝗪𝗮𝘀𝘀𝗲𝗿 𝗜𝗻𝘀𝘁𝗮𝗹𝗹𝗮𝘁𝗲𝘂𝗿,Heizungsbauer,0511 737564,,"Klusriede 18, 30851 Langenhagen, Deutschland",http://www.jung-langenhagen.de/,True,True,21,False,3747,False,02.02.2005,ChIJm7fvrh9zsEcRk2GqnYF4Ffs,4.9,75,80,Website sehr alt (21 Jahre) (+25) | Kein HTTPS (+10) | Nicht mobilfreundlich (+15) | Sehr langsam (3747ms) (+10) | Viele Bewertungen (75) (+10) | Sehr gute Bewertung (+5) | Telefon bekannt (+5),2026-05-28,neu
"Gesundheitstechnik Carl Oettinger GmbH - Badezimmer Sanierung, Klempner, Heizung",Klempner,0511 942990,,"Beekestraße 54, 30459 Hannover, Deutschland",http://www.carloettinger.de/,True,True,22,False,3757,False,14.12.2004,ChIJ3wGN1id1sEcRvtbKYXQljmQ,4,90,75,Website sehr alt (22 Jahre) (+25) | Kein HTTPS (+10) | Nicht mobilfreundlich (+15) | Sehr langsam (3757ms) (+10) | Viele Bewertungen (90) (+10) | Telefon bekannt (+5),2026-05-28,neu
Dachdeckerbetrieb Christian Grobe,Dachdecker,05137 9964328,,"Lübecker Str. 43, 30823 Garbsen, Deutschland",http://www.dachdecker-grobe.de/,True,True,13,False,7477,False,07.04.2013,ChIJLeE4tMJwsEcRYLkOHF8PYZQ,4.9,49,75,Website sehr alt (13 Jahre) (+25) | Kein HTTPS (+10) | Nicht mobilfreundlich (+15) | Sehr langsam (7477ms) (+10) | Gute Aktivität (49 Bewertungen) (+5) | Sehr gute Bewertung (+5) | Telefon bekannt (+5),2026-05-28,neu
Fideler HSE GmbH,Installateur,0171 1718449,,"Rehagen 10b, 30165 Hannover, Deutschland",http://www.fideler-hse.de/,True,True,17,False,2878,False,26.09.2009,ChIJjz7FmiENsEcRZmJKbR0SamA,4.6,24,70,Website sehr alt (17 Jahre) (+25) | Kein HTTPS (+10) | Nicht mobilfreundlich (+15) | Langsam (2878ms) (+5) | Gute Aktivität (24 Bewertungen) (+5) | Sehr gute Bewertung (+5) | Telefon bekannt (+5),2026-05-28,neu
Malermeister Peter Bergmann,Maler,0511 89711288,,"Lister Damm 11, 30163 Hannover, Deutschland",http://www.malerbetrieb-bergmann-hannover.de/,True,True,12,False,3900,False,29.12.2014,ChIJt5Sp_09zsEcRvehnq026k2o,4.8,9,70,Website sehr alt (12 Jahre) (+25) | Kein HTTPS (+10) | Nicht mobilfreundlich (+15) | Sehr langsam (3900ms) (+10) | Sehr gute Bewertung (+5) | Telefon bekannt (+5),2026-05-28,neu
BEGRO Elektrotechnik GmbH&Co.KG,Elektriker,0511 9526233,,"Wilhelm-Tell-Straße 2, 30629 Hannover, Deutschland",http://www.begro-elektro.de/,True,True,17,False,2047,False,08.10.2009,ChIJ1dwtTRMMsEcRD6eD0nC8j84,4.5,15,65,Website sehr alt (17 Jahre) (+25) | Kein HTTPS (+10) | Nicht mobilfreundlich (+15) | Langsam (2047ms) (+5) | Sehr gute Bewertung (+5) | Telefon bekannt (+5),2026-05-28,neu
"Röver u. Strüber, Inh. Thomas Strüber",Fliesenleger,0511 421927,,"Ringstraße 12, 30457 Hannover, Deutschland",http://www.roever-strueber.de/,True,True,18,False,4590,True,05.04.2008,ChIJcXMVeW11sEcRvhTRST4ORIo,4.8,72,65,Website sehr alt (18 Jahre) (+25) | Kein HTTPS (+10) | Sehr langsam (4590ms) (+10) | Viele Bewertungen (72) (+10) | Sehr gute Bewertung (+5) | Telefon bekannt (+5),2026-05-28,neu
Beil Bedachungen GmbH,Dachdecker,05109 52020,,"Zum Alten Garten 1, 30952 Ronnenberg, Deutschland",http://www.beil-bedachungen.de/,True,True,22,False,4474,True,27.11.2004,ChIJmYwJZJt1sEcRC-Hn3Zl16_k,4.6,50,65,Website sehr alt (22 Jahre) (+25) | Kein HTTPS (+10) | Sehr langsam (4474ms) (+10) | Viele Bewertungen (50) (+10) | Sehr gute Bewertung (+5) | Telefon bekannt (+5),2026-05-28,neu
Fleischerei B. Zimmermann,Zimmermann,0511 525560,,"Raabestraße 1, 30177 Hannover, Deutschland",http://www.fleischerei-zimmermann.de/,True,True,20,False,3212,True,12.02.2006,ChIJf_vJm7AMsEcR5h7qX9YjRGg,4.7,87,65,Website sehr alt (20 Jahre) (+25) | Kein HTTPS (+10) | Sehr langsam (3212ms) (+10) | Viele Bewertungen (87) (+10) | Sehr gute Bewertung (+5) | Telefon bekannt (+5),2026-05-28,neu
Kolbe Tischlerei - Benjamin Kolbe,Schreiner,0511 482262,,"Am Bahndamm 6, 30453 Hannover, Deutschland",http://www.kolbe-tischlerei.de/,True,True,8,False,5904,True,27.12.2018,ChIJoWVWUHJ0sEcRds83CFxEgUY,4.9,155,65,Website sehr alt (8 Jahre) (+25) | Kein HTTPS (+10) | Sehr langsam (5904ms) (+10) | Viele Bewertungen (155) (+10) | Sehr gute Bewertung (+5) | Telefon bekannt (+5),2026-05-28,neu
Fritz Klebe GmbH & Co. KG,Schreiner,0511 463555,,"Am Tönniesberg 4, 30453 Hannover, Deutschland",http://www.klebe-tischlerei.de/,True,True,22,False,2422,False,30.11.2004,ChIJKWgPZuR0sEcRP_IG3AOjzBk,4.8,13,65,Website sehr alt (22 Jahre) (+25) | Kein HTTPS (+10) | Nicht mobilfreundlich (+15) | Langsam (2422ms) (+5) | Sehr gute Bewertung (+5) | Telefon bekannt (+5),2026-05-28,neu
Fairstand GmbH,Schreiner,0511 7280070,,"Fössestraße 97A, 30453 Hannover, Deutschland",http://www.fairstand.de/,True,True,21,False,2425,False,27.01.2005,ChIJc1V5zIx0sEcRHoQWd1ZKWgw,5,9,65,Website sehr alt (21 Jahre) (+25) | Kein HTTPS (+10) | Nicht mobilfreundlich (+15) | Langsam (2425ms) (+5) | Sehr gute Bewertung (+5) | Telefon bekannt (+5),2026-05-28,neu
Hakan Özkan Sanitär-Heizung-Lüftung-Klima,Heizungsbauer,05031 9779990,,"Heidorner Str. 40c, 31515 Wunstorf, Deutschland",http://aqua-thermo.de/,True,True,18,False,2037,False,06.10.2008,ChIJL9E1dZJ0sEcRrBbgX56FsEw,4.9,18,65,Website sehr alt (18 Jahre) (+25) | Kein HTTPS (+10) | Nicht mobilfreundlich (+15) | Langsam (2037ms) (+5) | Sehr gute Bewertung (+5) | Telefon bekannt (+5),2026-05-28,neu
Hakan Özkan Sanitär-Heizung-Lüftung-Klima,Sanitär,05031 9779990,,"Heidorner Str. 40c, 31515 Wunstorf, Deutschland",http://aqua-thermo.de/,True,True,18,False,2007,False,06.10.2008,ChIJL9E1dZJ0sEcRrBbgX56FsEw,4.9,18,65,Website sehr alt (18 Jahre) (+25) | Kein HTTPS (+10) | Nicht mobilfreundlich (+15) | Langsam (2007ms) (+5) | Sehr gute Bewertung (+5) | Telefon bekannt (+5),2026-05-28,neu
Elektrotechnik Bechem GmbH,Elektriker,0511 965050,,"Podbielskistraße 362, 30659 Hannover, Deutschland",http://www.e-bechem.de/kontakt.htm,True,True,13,False,731,False,30.05.2013,ChIJqbZKTOwMsEcRXtLdwm2vLYQ,5,1,60,Website sehr alt (13 Jahre) (+25) | Kein HTTPS (+10) | Nicht mobilfreundlich (+15) | Sehr gute Bewertung (+5) | Telefon bekannt (+5),2026-05-28,neu
Sedat Özgec Sanitär-Heizung,Klempner,0511 620696,,"Jakobistraße 15, 30163 Hannover, Deutschland",https://sanitaer-oezgec.de/,True,True,13,True,1531,False,12.05.2013,ChIJC9gR-lZzsEcRkgWNOdWsoak,4.6,71,60,Website sehr alt (13 Jahre) (+25) | Nicht mobilfreundlich (+15) | Viele Bewertungen (71) (+10) | Sehr gute Bewertung (+5) | Telefon bekannt (+5),2026-05-28,neu
Heymeier GmbH & Co. Haustechnik KG,Klempner,0511 33959895,,"Bronsartstraße 4, 30161 Hannover, Deutschland",http://www.heymeier.de/,True,True,22,False,2352,True,28.11.2004,ChIJe9PVF6Z0sEcRqF5YHXGJd84,5,57,60,Website sehr alt (22 Jahre) (+25) | Kein HTTPS (+10) | Langsam (2352ms) (+5) | Viele Bewertungen (57) (+10) | Sehr gute Bewertung (+5) | Telefon bekannt (+5),2026-05-28,neu
Peter Völkel GmbH Sanitär & Heizung in Hannover,Klempner,0511 660724,,"Edenstraße 36, 30161 Hannover, Deutschland",http://www.voelkel-haustechnik.de/,True,True,21,False,3565,True,29.01.2005,ChIJoeVRelZzsEcRRCefqfCaRfU,4.3,61,60,Website sehr alt (21 Jahre) (+25) | Kein HTTPS (+10) | Sehr langsam (3565ms) (+10) | Viele Bewertungen (61) (+10) | Telefon bekannt (+5),2026-05-28,neu
Andreas Kreth / Sanitär & Heizung,Klempner,0511 231616,,"Pfarrstraße 64, 30459 Hannover, Deutschland",http://www.kreth-hannover.de/,True,True,15,False,3752,True,07.06.2011,ChIJ5_LJKdh0sEcRLREysA_jPsY,5,20,60,Website sehr alt (15 Jahre) (+25) | Kein HTTPS (+10) | Sehr langsam (3752ms) (+10) | Gute Aktivität (20 Bewertungen) (+5) | Sehr gute Bewertung (+5) | Telefon bekannt (+5),2026-05-28,neu
Markus Brauner Sanitärtechnik,Klempner,0511 702536,,"Im Moore 24, 30167 Hannover, Deutschland",http://www.brauner-sanitaer.de/,True,True,14,False,3586,True,01.12.2012,ChIJQ8QR7J50sEcRGCmcYhmvQvg,4.8,25,60,Website sehr alt (14 Jahre) (+25) | Kein HTTPS (+10) | Sehr langsam (3586ms) (+10) | Gute Aktivität (25 Bewertungen) (+5) | Sehr gute Bewertung (+5) | Telefon bekannt (+5),2026-05-28,neu
HSB GmbH - Heizung Sanitär Bauservice Hannover,Klempner,0511 53079970,,"Kurze Str. 13, 30629 Hannover, Deutschland",http://hsb-gmbh.com/,True,True,21,False,3534,True,30.01.2005,ChIJAQAwxxEMsEcR9FINsSpngQI,5,23,60,Website sehr alt (21 Jahre) (+25) | Kein HTTPS (+10) | Sehr langsam (3534ms) (+10) | Gute Aktivität (23 Bewertungen) (+5) | Sehr gute Bewertung (+5) | Telefon bekannt (+5),2026-05-28,neu
"Hottenrott, Inh. Heiko Hottenrott",Klempner,0511 814861,,"Leisewitzstraße 3, 30175 Hannover, Deutschland",http://www.hottenrott.de/,True,True,21,False,975,False,27.01.2005,ChIJ0_vR4lELsEcR0i4Tmal54vU,5,15,60,Website sehr alt (21 Jahre) (+25) | Kein HTTPS (+10) | Nicht mobilfreundlich (+15) | Sehr gute Bewertung (+5) | Telefon bekannt (+5),2026-05-28,neu
Sedat Özgec Sanitär-Heizung,Installateur,0511 620696,,"Jakobistraße 15, 30163 Hannover, Deutschland",https://sanitaer-oezgec.de/,True,True,13,True,1572,False,12.05.2013,ChIJC9gR-lZzsEcRkgWNOdWsoak,4.6,71,60,Website sehr alt (13 Jahre) (+25) | Nicht mobilfreundlich (+15) | Viele Bewertungen (71) (+10) | Sehr gute Bewertung (+5) | Telefon bekannt (+5),2026-05-28,neu
Heymeier GmbH & Co. Haustechnik KG,Installateur,0511 33959895,,"Bronsartstraße 4, 30161 Hannover, Deutschland",http://www.heymeier.de/,True,True,22,False,2326,True,28.11.2004,ChIJe9PVF6Z0sEcRqF5YHXGJd84,5,57,60,Website sehr alt (22 Jahre) (+25) | Kein HTTPS (+10) | Langsam (2326ms) (+5) | Viele Bewertungen (57) (+10) | Sehr gute Bewertung (+5) | Telefon bekannt (+5),2026-05-28,neu
Markus Brauner Sanitärtechnik,Installateur,0511 702536,,"Im Moore 24, 30167 Hannover, Deutschland",http://www.brauner-sanitaer.de/,True,True,14,False,3593,True,01.12.2012,ChIJQ8QR7J50sEcRGCmcYhmvQvg,4.8,25,60,Website sehr alt (14 Jahre) (+25) | Kein HTTPS (+10) | Sehr langsam (3593ms) (+10) | Gute Aktivität (25 Bewertungen) (+5) | Sehr gute Bewertung (+5) | Telefon bekannt (+5),2026-05-28,neu
Peter Völkel GmbH Sanitär & Heizung in Hannover,Installateur,0511 660724,,"Edenstraße 36, 30161 Hannover, Deutschland",http://www.voelkel-haustechnik.de/,True,True,21,False,4007,True,29.01.2005,ChIJoeVRelZzsEcRRCefqfCaRfU,4.3,61,60,Website sehr alt (21 Jahre) (+25) | Kein HTTPS (+10) | Sehr langsam (4007ms) (+10) | Viele Bewertungen (61) (+10) | Telefon bekannt (+5),2026-05-28,neu
HSB GmbH - Heizung Sanitär Bauservice Hannover,Installateur,0511 53079970,,"Kurze Str. 13, 30629 Hannover, Deutschland",http://hsb-gmbh.com/,True,True,21,False,4476,True,30.01.2005,ChIJAQAwxxEMsEcR9FINsSpngQI,5,23,60,Website sehr alt (21 Jahre) (+25) | Kein HTTPS (+10) | Sehr langsam (4476ms) (+10) | Gute Aktivität (23 Bewertungen) (+5) | Sehr gute Bewertung (+5) | Telefon bekannt (+5),2026-05-28,neu
"Hottenrott, Inh. Heiko Hottenrott",Installateur,0511 814861,,"Leisewitzstraße 3, 30175 Hannover, Deutschland",http://www.hottenrott.de/,True,True,21,False,989,False,27.01.2005,ChIJ0_vR4lELsEcR0i4Tmal54vU,5,15,60,Website sehr alt (21 Jahre) (+25) | Kein HTTPS (+10) | Nicht mobilfreundlich (+15) | Sehr gute Bewertung (+5) | Telefon bekannt (+5),2026-05-28,neu
Meister Ede,Installateur,0511 3940575,,"Goebenstraße 34, 30163 Hannover, Deutschland",http://www.meisterede.com/,True,True,16,False,775,False,30.04.2010,ChIJIepq-tE7ZUER32k4uvciYc0,5,6,60,Website sehr alt (16 Jahre) (+25) | Kein HTTPS (+10) | Nicht mobilfreundlich (+15) | Sehr gute Bewertung (+5) | Telefon bekannt (+5),2026-05-28,neu
"Startklar Sanitär, Heizung und Solartechnik OHG",Installateur,0511 60490608,,"Stöckener Str. 29, 30419 Hannover, Deutschland",http://www.startklar-sanitaer.de/,True,True,5,False,4005,False,22.12.2021,ChIJ0YwosoB1sEcRbyjEakfUHcQ,5,8,60,Website veraltet (5 Jahre) (+15) | Kein HTTPS (+10) | Nicht mobilfreundlich (+15) | Sehr langsam (4005ms) (+10) | Sehr gute Bewertung (+5) | Telefon bekannt (+5),2026-05-28,neu
Span-Dex Designdecken und Malerbetrieb GmbH,Maler,0511 64201936,,"Ringstraße 6, 30457 Hannover, Deutschland",http://www.span-dex.de/,True,True,11,False,3280,True,03.07.2015,ChIJu93QPvxmuEcRudKxIFmYJpc,4.9,39,60,Website sehr alt (11 Jahre) (+25) | Kein HTTPS (+10) | Sehr langsam (3280ms) (+10) | Gute Aktivität (39 Bewertungen) (+5) | Sehr gute Bewertung (+5) | Telefon bekannt (+5),2026-05-28,neu
Calenberger Fliesen GmbH,Fliesenleger,05108 7643,,"Hermann-Löns-Straße 19A, 30952 Ronnenberg, Deutschland",http://www.calenberger-fliesen.de/,True,True,17,False,8070,True,04.05.2009,ChIJ8-w2id11sEcR16qUBUbo9vQ,4.9,25,60,Website sehr alt (17 Jahre) (+25) | Kein HTTPS (+10) | Sehr langsam (8070ms) (+10) | Gute Aktivität (25 Bewertungen) (+5) | Sehr gute Bewertung (+5) | Telefon bekannt (+5),2026-05-28,neu
Apel,Fliesenleger,0511 2137322,,"Alfred-Bentz-Straße 8, 30966 Hemmingen, Deutschland",http://www.fliesenapel.de/,True,True,15,False,955,False,15.07.2011,ChIJM18b0AY4ZUERGWMK0ZKtiL8,5,2,60,Website sehr alt (15 Jahre) (+25) | Kein HTTPS (+10) | Nicht mobilfreundlich (+15) | Sehr gute Bewertung (+5) | Telefon bekannt (+5),2026-05-28,neu
"Stach Bedachungen Notdienst, Dachinspektionen und Reparaturen Dachdecker Hannover Niedersachsen",Dachdecker,0511 2038168,,"Lichtenradeweg 20, 30179 Hannover, Deutschland",http://www.dachdeckerhannover.de/,True,True,14,False,2910,True,30.04.2012,ChIJfT95SSxzsEcRiplOVk_iUkc,4.9,206,60,Website sehr alt (14 Jahre) (+25) | Kein HTTPS (+10) | Langsam (2910ms) (+5) | Viele Bewertungen (206) (+10) | Sehr gute Bewertung (+5) | Telefon bekannt (+5),2026-05-28,neu
Grunwald Dachdeckermeister GmbH - Sehnde,Dachdecker,05138 2787,,"Wirringer Str. 20, 31319 Sehnde, Deutschland",http://www.grunwald-dach.de/,True,True,8,False,2487,True,28.12.2018,ChIJ66M7vxYIsEcRHVPSePHrgkA,4.9,85,60,Website sehr alt (8 Jahre) (+25) | Kein HTTPS (+10) | Langsam (2487ms) (+5) | Viele Bewertungen (85) (+10) | Sehr gute Bewertung (+5) | Telefon bekannt (+5),2026-05-28,neu
Gutjahr Dachtechnik,Dachdecker,0511 98230890,,"Lange Weihe 26, 30880 Laatzen, Deutschland",http://www.gutjahr-dachtechnik.de/,True,True,12,False,1015,False,12.01.2014,ChIJ06DY9QUKsEcRjeq3INCEAYo,4.1,31,60,Website sehr alt (12 Jahre) (+25) | Kein HTTPS (+10) | Nicht mobilfreundlich (+15) | Gute Aktivität (31 Bewertungen) (+5) | Telefon bekannt (+5),2026-05-28,neu
Trümper & Trümper GmbH & Co KG,Dachdecker,0511 784320,,"Soltauer Str. 1, 30855 Langenhagen, Deutschland",http://www.truemper-truemper.de/,True,True,10,False,3476,True,30.01.2016,ChIJgazJalFysEcRs2JXa9ZO8-E,4.5,32,60,Website sehr alt (10 Jahre) (+25) | Kein HTTPS (+10) | Sehr langsam (3476ms) (+10) | Gute Aktivität (32 Bewertungen) (+5) | Sehr gute Bewertung (+5) | Telefon bekannt (+5),2026-05-28,neu
Helmrich GmbH Innenausbau I Raumplanung³,Schreiner,0511 730660,,"Am Ortfelde 20A, 30916 Hannover, Deutschland",http://helmrichs.de/,True,True,21,False,2099,True,31.01.2005,ChIJV4tYIE8NsEcRtBIylratqy0,4.9,79,60,Website sehr alt (21 Jahre) (+25) | Kein HTTPS (+10) | Langsam (2099ms) (+5) | Viele Bewertungen (79) (+10) | Sehr gute Bewertung (+5) | Telefon bekannt (+5),2026-05-28,neu
Sedat Özgec Sanitär-Heizung,Heizungsbauer,0511 620696,,"Jakobistraße 15, 30163 Hannover, Deutschland",https://sanitaer-oezgec.de/,True,True,13,True,1617,False,12.05.2013,ChIJC9gR-lZzsEcRkgWNOdWsoak,4.6,71,60,Website sehr alt (13 Jahre) (+25) | Nicht mobilfreundlich (+15) | Viele Bewertungen (71) (+10) | Sehr gute Bewertung (+5) | Telefon bekannt (+5),2026-05-28,neu
Heymeier GmbH & Co. Haustechnik KG,Heizungsbauer,0511 33959895,,"Bronsartstraße 4, 30161 Hannover, Deutschland",http://www.heymeier.de/,True,True,22,False,2541,True,28.11.2004,ChIJe9PVF6Z0sEcRqF5YHXGJd84,5,57,60,Website sehr alt (22 Jahre) (+25) | Kein HTTPS (+10) | Langsam (2541ms) (+5) | Viele Bewertungen (57) (+10) | Sehr gute Bewertung (+5) | Telefon bekannt (+5),2026-05-28,neu
Markus Brauner Sanitärtechnik,Heizungsbauer,0511 702536,,"Im Moore 24, 30167 Hannover, Deutschland",http://www.brauner-sanitaer.de/,True,True,14,False,4504,True,01.12.2012,ChIJQ8QR7J50sEcRGCmcYhmvQvg,4.8,25,60,Website sehr alt (14 Jahre) (+25) | Kein HTTPS (+10) | Sehr langsam (4504ms) (+10) | Gute Aktivität (25 Bewertungen) (+5) | Sehr gute Bewertung (+5) | Telefon bekannt (+5),2026-05-28,neu
Peter Völkel GmbH Sanitär & Heizung in Hannover,Heizungsbauer,0511 660724,,"Edenstraße 36, 30161 Hannover, Deutschland",http://www.voelkel-haustechnik.de/,True,True,21,False,6320,True,29.01.2005,ChIJoeVRelZzsEcRRCefqfCaRfU,4.3,61,60,Website sehr alt (21 Jahre) (+25) | Kein HTTPS (+10) | Sehr langsam (6320ms) (+10) | Viele Bewertungen (61) (+10) | Telefon bekannt (+5),2026-05-28,neu
Andreas Kreth / Sanitär & Heizung,Heizungsbauer,0511 231616,,"Pfarrstraße 64, 30459 Hannover, Deutschland",http://www.kreth-hannover.de/,True,True,15,False,4547,True,07.06.2011,ChIJ5_LJKdh0sEcRLREysA_jPsY,5,20,60,Website sehr alt (15 Jahre) (+25) | Kein HTTPS (+10) | Sehr langsam (4547ms) (+10) | Gute Aktivität (20 Bewertungen) (+5) | Sehr gute Bewertung (+5) | Telefon bekannt (+5),2026-05-28,neu
HSB GmbH - Heizung Sanitär Bauservice Hannover,Heizungsbauer,0511 53079970,,"Kurze Str. 13, 30629 Hannover, Deutschland",http://hsb-gmbh.com/,True,True,21,False,4235,True,30.01.2005,ChIJAQAwxxEMsEcR9FINsSpngQI,5,23,60,Website sehr alt (21 Jahre) (+25) | Kein HTTPS (+10) | Sehr langsam (4235ms) (+10) | Gute Aktivität (23 Bewertungen) (+5) | Sehr gute Bewertung (+5) | Telefon bekannt (+5),2026-05-28,neu
HSB GmbH - Heizung Sanitär Bauservice Hannover,Sanitär,0511 53079970,,"Kurze Str. 13, 30629 Hannover, Deutschland",http://hsb-gmbh.com/,True,True,21,False,3291,True,30.01.2005,ChIJAQAwxxEMsEcR9FINsSpngQI,5,23,60,Website sehr alt (21 Jahre) (+25) | Kein HTTPS (+10) | Sehr langsam (3291ms) (+10) | Gute Aktivität (23 Bewertungen) (+5) | Sehr gute Bewertung (+5) | Telefon bekannt (+5),2026-05-28,neu
Alragheb trockenbau GmbH,Trockenbau,0172 8177639,,"Sollingstraße 18, 30419 Hannover, Deutschland",,False,False,,False,,,,ChIJ2SdM7SpzsEcRN7Zuyw3SgdQ,5,56,60,Keine Website gefunden (+40) | Viele Bewertungen (56) (+10) | Sehr gute Bewertung (+5) | Telefon bekannt (+5),2026-05-28,neu
Elektrotechnik Günther GmbH,Elektriker,0511 16996950,,"Ziegelstraße 3d, 30453 Hannover, Deutschland",http://www.elektrotechnik-guenther.de/,True,True,13,False,3613,True,13.05.2013,ChIJOdYprpR0sEcRx2MN7pQbe74,4.4,30,55,Website sehr alt (13 Jahre) (+25) | Kein HTTPS (+10) | Sehr langsam (3613ms) (+10) | Gute Aktivität (30 Bewertungen) (+5) | Telefon bekannt (+5),2026-05-28,neu
ELPRO Elektroanlagen Behncke GmbH,Elektriker,0511 167980,,"Kornstraße 14, 30167 Hannover, Deutschland",http://www.elpro-hannover.de/,True,True,21,False,3262,True,26.01.2005,ChIJUVyCf590sEcRANMAEDUHMKk,4.9,13,55,Website sehr alt (21 Jahre) (+25) | Kein HTTPS (+10) | Sehr langsam (3262ms) (+10) | Sehr gute Bewertung (+5) | Telefon bekannt (+5),2026-05-28,neu
J-F-Elektrotechnik GmbH,Elektriker,0511 6968346,,"Schmöckwitzweg 3, 30179 Hannover, Deutschland",http://www.j-f-elektrotechnik.de/,True,True,18,False,4799,True,02.12.2008,ChIJR3nWy3MNsEcRzuakZVr0kVg,5,3,55,Website sehr alt (18 Jahre) (+25) | Kein HTTPS (+10) | Sehr langsam (4799ms) (+10) | Sehr gute Bewertung (+5) | Telefon bekannt (+5),2026-05-28,neu
Elektrotechnik SASS,Elektriker,0511 830383,,"Abbestraße 17, 30519 Hannover, Deutschland",http://www.elektrotechnik-sass.de/,True,True,15,False,3329,True,11.06.2011,ChIJT1Bmux8LsEcRBJWWZDPgN7k,5,7,55,Website sehr alt (15 Jahre) (+25) | Kein HTTPS (+10) | Sehr langsam (3329ms) (+10) | Sehr gute Bewertung (+5) | Telefon bekannt (+5),2026-05-28,neu
GTM Dobrinski GmbH,Klempner,0511 2792760,,"Geibelstraße 2, 30173 Hannover, Deutschland",http://www.gtm-dobrinski.de/,True,True,16,False,1467,True,06.04.2010,ChIJcTtJezYLsEcRICXv8gMvQu4,4.6,51,55,Website sehr alt (16 Jahre) (+25) | Kein HTTPS (+10) | Viele Bewertungen (51) (+10) | Sehr gute Bewertung (+5) | Telefon bekannt (+5),2026-05-28,neu
Hildebrandt Heizung Sanitär GmbH,Klempner,0511 841868,,"Reichhelmstraße 2, 30519 Hannover, Deutschland",http://www.hildebrandt-gmbh.de/,True,True,26,False,2400,True,22.06.2000,ChIJi3AOst4KsEcRnpcoMXKmSzU,4.5,21,55,Website sehr alt (26 Jahre) (+25) | Kein HTTPS (+10) | Langsam (2400ms) (+5) | Gute Aktivität (21 Bewertungen) (+5) | Sehr gute Bewertung (+5) | Telefon bekannt (+5),2026-05-28,neu
Lappe-GmbH Klempner Heizung Sofortdienst,Klempner,05109 5630703,,"Hauptstraße 82, 30457 Hannover, Deutschland",,False,False,,False,,,,ChIJ1b7Z8w11sEcRdVW_Y6SlNqk,4.6,21,55,Keine Website gefunden (+40) | Gute Aktivität (21 Bewertungen) (+5) | Sehr gute Bewertung (+5) | Telefon bekannt (+5),2026-05-28,neu
Schwichtenberg GmbH,Klempner,0511 734508,,"Markgrafstraße 17, 30419 Hannover, Deutschland",http://www.schwichtenberg-gmbh.de/,True,True,21,False,2044,True,24.01.2005,ChIJV_a2tYlzsEcRX_9ABUyMMsU,4.5,26,55,Website sehr alt (21 Jahre) (+25) | Kein HTTPS (+10) | Langsam (2044ms) (+5) | Gute Aktivität (26 Bewertungen) (+5) | Sehr gute Bewertung (+5) | Telefon bekannt (+5),2026-05-28,neu
Hagemann & Sohn,Klempner,0511 621811,,"Steinmetzstraße 9, 30163 Hannover, Deutschland",http://www.shk-hagemann.de/,True,True,21,False,3103,True,08.02.2005,ChIJS0j_eVpzsEcRNBOxKMHyRUY,4.1,25,55,Website sehr alt (21 Jahre) (+25) | Kein HTTPS (+10) | Sehr langsam (3103ms) (+10) | Gute Aktivität (25 Bewertungen) (+5) | Telefon bekannt (+5),2026-05-28,neu
Metallwarenfabrik Karl Schlimme KG,Klempner,0511 8382950,,"Borriesstraße 30, 30519 Hannover, Deutschland",https://schlimme.de/,True,True,24,True,2630,False,14.08.2002,ChIJp23owRgLsEcR8w3IwtBSmds,4.7,15,55,Website sehr alt (24 Jahre) (+25) | Nicht mobilfreundlich (+15) | Langsam (2630ms) (+5) | Sehr gute Bewertung (+5) | Telefon bekannt (+5),2026-05-28,neu
Fa. Tomiczek - Heizung & Sanitär r.tomiczek@htp-tel.de,Klempner,0511 9585844,,"Anderter Str. 20, 30629 Hannover, Deutschland",,False,False,,False,,,,ChIJ75UmdtQ7ZUERVIdunESO8sI,4.7,22,55,Keine Website gefunden (+40) | Gute Aktivität (22 Bewertungen) (+5) | Sehr gute Bewertung (+5) | Telefon bekannt (+5),2026-05-28,neu
GTM Dobrinski GmbH,Installateur,0511 2792760,,"Geibelstraße 2, 30173 Hannover, Deutschland",http://www.gtm-dobrinski.de/,True,True,16,False,1116,True,06.04.2010,ChIJcTtJezYLsEcRICXv8gMvQu4,4.6,51,55,Website sehr alt (16 Jahre) (+25) | Kein HTTPS (+10) | Viele Bewertungen (51) (+10) | Sehr gute Bewertung (+5) | Telefon bekannt (+5),2026-05-28,neu
Andreas Kreth / Sanitär & Heizung,Installateur,0511 231616,,"Pfarrstraße 64, 30459 Hannover, Deutschland",http://www.kreth-hannover.de/,True,True,15,False,2109,True,07.06.2011,ChIJ5_LJKdh0sEcRLREysA_jPsY,5,20,55,Website sehr alt (15 Jahre) (+25) | Kein HTTPS (+10) | Langsam (2109ms) (+5) | Gute Aktivität (20 Bewertungen) (+5) | Sehr gute Bewertung (+5) | Telefon bekannt (+5),2026-05-28,neu
SHK GmbH Sanitär Heizung Klima,Installateur,0511 830051,,"Landwehrstraße 68, 30519 Hannover, Deutschland",https://www.shk-hannover.de/,True,True,15,True,2373,False,10.03.2011,ChIJQekCzd4KsEcRQmIKo8txyyI,4.9,10,55,Website sehr alt (15 Jahre) (+25) | Nicht mobilfreundlich (+15) | Langsam (2373ms) (+5) | Sehr gute Bewertung (+5) | Telefon bekannt (+5),2026-05-28,neu
Frank Schneeberg Sanitär+Heizung,Installateur,0511 5420316,,"Groß-Buchholzer Straße 18, 30655 Hannover, Deutschland",,False,False,,False,,,,ChIJ04BfgZEMsEcRl9AciYxn6dU,4.7,28,55,Keine Website gefunden (+40) | Gute Aktivität (28 Bewertungen) (+5) | Sehr gute Bewertung (+5) | Telefon bekannt (+5),2026-05-28,neu
HaJa Heizung & Sanitär Langenhagen / Hannover - 24 Stunden Notdienst,Installateur,01511 7805756,,"Hauptstraße 30, 30855 Langenhagen, Deutschland",http://haja-heizung-sanitär.de/,True,False,,False,,,,ChIJget16iVzsEcRJsAg6AXo6eQ,5,52,55,Website nicht erreichbar (+35) | Viele Bewertungen (52) (+10) | Sehr gute Bewertung (+5) | Telefon bekannt (+5),2026-05-28,neu
Malermeister Krummel,Maler,0511 5333782,,"Ringstraße 5A, 30457 Hannover, Deutschland",http://www.malermeister-krummel.de/,True,True,17,False,4639,True,25.06.2009,ChIJz3TyVWMLsEcRQof_3hZOkBo,5,14,55,Website sehr alt (17 Jahre) (+25) | Kein HTTPS (+10) | Sehr langsam (4639ms) (+10) | Sehr gute Bewertung (+5) | Telefon bekannt (+5),2026-05-28,neu
Sonntag & Gehrmann Malereibetrieb GmbH,Maler,0511 6963184,,"Helmkestraße 8, 30165 Hannover, Deutschland",http://www.sonntag-gehrmann.de/,True,True,19,False,3415,True,11.11.2007,ChIJnYgXnnBzsEcRd7DWtugHH0o,5,4,55,Website sehr alt (19 Jahre) (+25) | Kein HTTPS (+10) | Sehr langsam (3415ms) (+10) | Sehr gute Bewertung (+5) | Telefon bekannt (+5),2026-05-28,neu
Hannover´s Fliesenleger Holger Rudolf,Fliesenleger,0511 76900762,,"An d. Kirche 7A, 30457 Hannover, Deutschland",http://www.hannovers-fliesenleger.de/,True,True,16,False,3715,True,25.09.2010,ChIJ7xoghRJ1sEcRRy3-pETBJ90,5,4,55,Website sehr alt (16 Jahre) (+25) | Kein HTTPS (+10) | Sehr langsam (3715ms) (+10) | Sehr gute Bewertung (+5) | Telefon bekannt (+5),2026-05-28,neu
Gehrmann Mosaik-Naturstein-Fliesen - Hannover,Fliesenleger,0511 753890,,"Hagensmoor 11, 30419 Hannover, Deutschland",http://www.fliesen-gehrmann.de/,True,True,13,False,3198,True,02.05.2013,ChIJWXKUYzdxsEcRED41rv3N63Y,5,2,55,Website sehr alt (13 Jahre) (+25) | Kein HTTPS (+10) | Sehr langsam (3198ms) (+10) | Sehr gute Bewertung (+5) | Telefon bekannt (+5),2026-05-28,neu
Fliesenass,Fliesenleger,0511 51524401,,"Dieselweg 1, 30926 Seelze, Deutschland",http://www.fliesenass.de/,True,True,10,False,4530,True,02.07.2016,ChIJZYFWeFFxsEcR7n2doRFSXuk,5,3,55,Website sehr alt (10 Jahre) (+25) | Kein HTTPS (+10) | Sehr langsam (4530ms) (+10) | Sehr gute Bewertung (+5) | Telefon bekannt (+5),2026-05-28,neu
KERAMUNDO,Fliesenleger,0511 4383260,,"Bornumer Str. 146, 30453 Hannover, Deutschland",http://www.keramundo.de/hannover,True,True,22,False,2151,True,05.12.2004,ChIJQ0mv7vt0sEcRvwqa6E-46_g,4.3,308,55,Website sehr alt (22 Jahre) (+25) | Kein HTTPS (+10) | Langsam (2151ms) (+5) | Viele Bewertungen (308) (+10) | Telefon bekannt (+5),2026-05-28,neu
Meisterdachdecker Bieber GmbH,Dachdecker,05109 6263,,"Zum Rießenfelde 12E, 30974 Wennigsen (Deister), Deutschland",http://www.dachdecker-hannover.de/,True,True,22,False,2738,True,29.11.2004,ChIJYZ5r42OeukcRxkn6G6IM4y4,4.8,23,55,Website sehr alt (22 Jahre) (+25) | Kein HTTPS (+10) | Langsam (2738ms) (+5) | Gute Aktivität (23 Bewertungen) (+5) | Sehr gute Bewertung (+5) | Telefon bekannt (+5),2026-05-28,neu
Heinrich Goldmann Bedachungsgesellschaft mbH,Dachdecker,0511 3505588,,"Büttnerstraße 17, 30165 Hannover, Deutschland",http://www.goldmann-bedachungen.de/,True,True,16,False,3320,True,09.05.2010,ChIJjQnCampzsEcRuK_lWfPDE8Q,5,6,55,Website sehr alt (16 Jahre) (+25) | Kein HTTPS (+10) | Sehr langsam (3320ms) (+10) | Sehr gute Bewertung (+5) | Telefon bekannt (+5),2026-05-28,neu
Einblasdämmung & Dachsanierung Deike & Sohn GmbH Hannover Niedersachsen,Dachdecker,05132 5866066,,"Mergelfeld 9a, 31275 Lehrte, Deutschland",http://www.meine-dämmung.de/,True,False,,False,,,,ChIJzWUpr-ELsEcRztLzu1ixK10,5,233,55,Website nicht erreichbar (+35) | Viele Bewertungen (233) (+10) | Sehr gute Bewertung (+5) | Telefon bekannt (+5),2026-05-28,neu
Krohne Zimmerei-Dachdeckerei GmbH,Dachdecker,0511 461379,,"Marie-Curie-Straße 44, 30966 Hemmingen, Deutschland",http://www.krohne-holzbau.de/,True,True,22,False,3002,True,27.12.2004,ChIJ7YekE0Z1sEcR3CeCrtwsCDc,4.9,12,55,Website sehr alt (22 Jahre) (+25) | Kein HTTPS (+10) | Sehr langsam (3002ms) (+10) | Sehr gute Bewertung (+5) | Telefon bekannt (+5),2026-05-28,neu
Zimmerei und Dachdeckerei Maik Ritter,Dachdecker,0511 87648080,,"Brunirode 32, 30880 Laatzen, Deutschland",http://www.mr-zimmerei.de/,True,True,8,False,2018,True,10.01.2018,ChIJ6waMdQUKsEcRk-goIdB79Fk,4.8,28,55,Website sehr alt (8 Jahre) (+25) | Kein HTTPS (+10) | Langsam (2018ms) (+5) | Gute Aktivität (28 Bewertungen) (+5) | Sehr gute Bewertung (+5) | Telefon bekannt (+5),2026-05-28,neu
Woick Bedachungen GmbH,Dachdecker,05136 8019034,,"Dorfstraße 82, 31275 Lehrte, Deutschland",https://www.woick-bedachung.de/,True,True,13,True,1175,False,28.04.2013,ChIJMQ1YjgQPsEcRd4B9WIp01tg,4.9,29,55,Website sehr alt (13 Jahre) (+25) | Nicht mobilfreundlich (+15) | Gute Aktivität (29 Bewertungen) (+5) | Sehr gute Bewertung (+5) | Telefon bekannt (+5),2026-05-28,neu
Tischlerei Balsiger | Hannover,Schreiner,0162 1089060,,"Seilerstraße 15E, 30171 Hannover, Deutschland",http://www.tischlerei-balsiger.de/,True,True,20,False,4133,True,19.08.2006,ChIJATxViDULsEcRvnYwZo5l_vQ,5,3,55,Website sehr alt (20 Jahre) (+25) | Kein HTTPS (+10) | Sehr langsam (4133ms) (+10) | Sehr gute Bewertung (+5) | Telefon bekannt (+5),2026-05-28,neu
Tischlerinnung Hannover,Schreiner,0511 344141,,"Berliner Allee 17, 30175 Hannover, Deutschland",http://www.tischlerinnung.de/,True,True,22,False,8411,True,14.12.2004,ChIJ79HPGq10sEcR6zhRNr1GBxw,5,1,55,Website sehr alt (22 Jahre) (+25) | Kein HTTPS (+10) | Sehr langsam (8411ms) (+10) | Sehr gute Bewertung (+5) | Telefon bekannt (+5),2026-05-28,neu
"W. Biermann GmbH & Co. KG, Tischlerei & Zimmerei",Schreiner,0511 937900,,"Sokelantstraße 7, 30165 Hannover, Deutschland",https://www.biermann-holzbau.de/,True,True,21,True,2285,False,30.01.2005,ChIJKxIKdCZzsEcRPTC_Wp1G1Yg,4.7,17,55,Website sehr alt (21 Jahre) (+25) | Nicht mobilfreundlich (+15) | Langsam (2285ms) (+5) | Sehr gute Bewertung (+5) | Telefon bekannt (+5),2026-05-28,neu
Biesel GmbH - Tischlerei,Schreiner,05130 9727120,,"Langer Acker 34, 30900 Wedemark, Deutschland",http://www.biesel-gmbh.de/,True,True,21,False,2130,True,17.12.2005,ChIJ7eS18cpzsEcRIcacMdtyLdA,4.8,24,55,Website sehr alt (21 Jahre) (+25) | Kein HTTPS (+10) | Langsam (2130ms) (+5) | Gute Aktivität (24 Bewertungen) (+5) | Sehr gute Bewertung (+5) | Telefon bekannt (+5),2026-05-28,neu
Tischlerei Schenke GmbH,Schreiner,0511 863001,,"Völgerstraße 10, 30519 Hannover, Deutschland",http://www.tischlerei-schenke.de/,True,True,21,False,3203,True,22.01.2005,ChIJE3P9MPsKsEcRP65azjU6kI4,3.7,26,55,Website sehr alt (21 Jahre) (+25) | Kein HTTPS (+10) | Sehr langsam (3203ms) (+10) | Gute Aktivität (26 Bewertungen) (+5) | Telefon bekannt (+5),2026-05-28,neu
Yilmaz Laden & Innenausbau,Schreiner,0511 1628028,,"Hildesheimer Str. 573, 30880 Laatzen, Deutschland",http://www.yilmaz-ladenbau.de/,True,False,15,False,,,26.02.2011,ChIJVRJJxEmnukcRg-LBzVvR9iw,5,60,55,Website nicht erreichbar (+35) | Viele Bewertungen (60) (+10) | Sehr gute Bewertung (+5) | Telefon bekannt (+5),2026-05-28,neu
Wiedemann Sicherheitsbeschläge GmbH,Schreiner,0511 708970,,"Lilienthalstraße 11, 30179 Hannover, Deutschland",http://www.wiedemann-sicherheit.de/,True,True,22,False,1015,True,30.11.2004,ChIJkZgZ3r50sEcRbNCLt2eDi0s,4.7,123,55,Website sehr alt (22 Jahre) (+25) | Kein HTTPS (+10) | Viele Bewertungen (123) (+10) | Sehr gute Bewertung (+5) | Telefon bekannt (+5),2026-05-28,neu
Holz und Gut GbR,Schreiner,0511 2600418,,"Badenstedter Str. 46D, 30453 Hannover, Deutschland",http://www.holzundgut.de/,True,True,16,False,1084,False,04.06.2010,ChIJ00XIxfN0sEcROMr3AlpduW0,4,12,55,Website sehr alt (16 Jahre) (+25) | Kein HTTPS (+10) | Nicht mobilfreundlich (+15) | Telefon bekannt (+5),2026-05-28,neu
LUXHOLM Bauelemente Werk GmbH,Schreiner,0511 2288600,,"Siemensstraße 22, 30916 Isernhagen, Deutschland",https://luxholm.de/,True,False,22,True,,,05.12.2004,ChIJXSqf8asNsEcR-0_IH-SauU4,4.5,118,55,Website nicht erreichbar (+35) | Viele Bewertungen (118) (+10) | Sehr gute Bewertung (+5) | Telefon bekannt (+5),2026-05-28,neu
HaJa Heizung & Sanitär Langenhagen / Hannover - 24 Stunden Notdienst,Heizungsbauer,01511 7805756,,"Hauptstraße 30, 30855 Langenhagen, Deutschland",http://haja-heizung-sanitär.de/,True,False,,False,,,,ChIJget16iVzsEcRJsAg6AXo6eQ,5,52,55,Website nicht erreichbar (+35) | Viele Bewertungen (52) (+10) | Sehr gute Bewertung (+5) | Telefon bekannt (+5),2026-05-28,neu
Frank Schneeberg Sanitär+Heizung,Heizungsbauer,0511 5420316,,"Groß-Buchholzer Straße 18, 30655 Hannover, Deutschland",,False,False,,False,,,,ChIJ04BfgZEMsEcRl9AciYxn6dU,4.7,28,55,Keine Website gefunden (+40) | Gute Aktivität (28 Bewertungen) (+5) | Sehr gute Bewertung (+5) | Telefon bekannt (+5),2026-05-28,neu
Hildebrandt Heizung Sanitär GmbH,Heizungsbauer,0511 841868,,"Reichhelmstraße 2, 30519 Hannover, Deutschland",http://www.hildebrandt-gmbh.de/,True,True,26,False,2095,True,22.06.2000,ChIJi3AOst4KsEcRnpcoMXKmSzU,4.5,21,55,Website sehr alt (26 Jahre) (+25) | Kein HTTPS (+10) | Langsam (2095ms) (+5) | Gute Aktivität (21 Bewertungen) (+5) | Sehr gute Bewertung (+5) | Telefon bekannt (+5),2026-05-28,neu
Fa. Tomiczek - Heizung & Sanitär r.tomiczek@htp-tel.de,Heizungsbauer,0511 9585844,,"Anderter Str. 20, 30629 Hannover, Deutschland",,False,False,,False,,,,ChIJ75UmdtQ7ZUERVIdunESO8sI,4.7,22,55,Keine Website gefunden (+40) | Gute Aktivität (22 Bewertungen) (+5) | Sehr gute Bewertung (+5) | Telefon bekannt (+5),2026-05-28,neu
Metallwarenfabrik Karl Schlimme KG,Heizungsbauer,0511 8382950,,"Borriesstraße 30, 30519 Hannover, Deutschland",https://schlimme.de/,True,True,24,True,2042,False,14.08.2002,ChIJp23owRgLsEcR8w3IwtBSmds,4.7,15,55,Website sehr alt (24 Jahre) (+25) | Nicht mobilfreundlich (+15) | Langsam (2042ms) (+5) | Sehr gute Bewertung (+5) | Telefon bekannt (+5),2026-05-28,neu
Andreas Kreth / Sanitär & Heizung,Sanitär,0511 231616,,"Pfarrstraße 64, 30459 Hannover, Deutschland",http://www.kreth-hannover.de/,True,True,15,False,2813,True,07.06.2011,ChIJ5_LJKdh0sEcRLREysA_jPsY,5,20,55,Website sehr alt (15 Jahre) (+25) | Kein HTTPS (+10) | Langsam (2813ms) (+5) | Gute Aktivität (20 Bewertungen) (+5) | Sehr gute Bewertung (+5) | Telefon bekannt (+5),2026-05-28,neu
Frank Schneeberg Sanitär+Heizung,Sanitär,0511 5420316,,"Groß-Buchholzer Straße 18, 30655 Hannover, Deutschland",,False,False,,False,,,,ChIJ04BfgZEMsEcRl9AciYxn6dU,4.7,28,55,Keine Website gefunden (+40) | Gute Aktivität (28 Bewertungen) (+5) | Sehr gute Bewertung (+5) | Telefon bekannt (+5),2026-05-28,neu
HaJa Heizung & Sanitär Langenhagen / Hannover - 24 Stunden Notdienst,Sanitär,01511 7805756,,"Hauptstraße 30, 30855 Langenhagen, Deutschland",http://haja-heizung-sanitär.de/,True,False,,False,,,,ChIJget16iVzsEcRJsAg6AXo6eQ,5,52,55,Website nicht erreichbar (+35) | Viele Bewertungen (52) (+10) | Sehr gute Bewertung (+5) | Telefon bekannt (+5),2026-05-28,neu
Fa. Tomiczek - Heizung & Sanitär r.tomiczek@htp-tel.de,Sanitär,0511 9585844,,"Anderter Str. 20, 30629 Hannover, Deutschland",,False,False,,False,,,,ChIJ75UmdtQ7ZUERVIdunESO8sI,4.7,22,55,Keine Website gefunden (+40) | Gute Aktivität (22 Bewertungen) (+5) | Sehr gute Bewertung (+5) | Telefon bekannt (+5),2026-05-28,neu
Glende Hemmingen Garten- Landschaftsbau Marlon Glende,Gartenbau,0174 9903696,,"Hoher Holzweg 20, 30966 Hemmingen, Deutschland",https://www.glende-hemmingen.de/,True,False,,True,,,,ChIJ0Yc4bIoLsEcR2QNOoHyZuyM,5,66,55,Website nicht erreichbar (+35) | Viele Bewertungen (66) (+10) | Sehr gute Bewertung (+5) | Telefon bekannt (+5),2026-05-28,neu
Elektro Klitz e.K.,Elektriker,0511 4750887,,"Am Lindener Hafen 75, 30453 Hannover, Deutschland",http://www.elektro-klitz.de/,True,True,13,False,1955,True,09.05.2013,ChIJqbI1Sgx0sEcRlNxPMqVnlBs,4.9,38,50,Website sehr alt (13 Jahre) (+25) | Kein HTTPS (+10) | Gute Aktivität (38 Bewertungen) (+5) | Sehr gute Bewertung (+5) | Telefon bekannt (+5),2026-05-28,neu
Elektro Heese,Elektriker,0511 2345020,,"Am Haselbusch 52, 30459 Hannover, Deutschland",http://www.elektro-heese.de/,True,True,18,False,2146,True,15.02.2008,ChIJQ6CKwRh1sEcRoyZZU3jDsO4,4.9,12,50,Website sehr alt (18 Jahre) (+25) | Kein HTTPS (+10) | Langsam (2146ms) (+5) | Sehr gute Bewertung (+5) | Telefon bekannt (+5),2026-05-28,neu
Elektra Kellenter GmbH & Co. KG,Elektriker,0511 3521981,,"Auf dem Dorn 15, 30165 Hannover, Deutschland",https://elektra-kellenter.de/,True,False,,True,,,,ChIJt42yHGRzsEcRG6_PLl-yiXs,4.6,20,50,Website nicht erreichbar (+35) | Gute Aktivität (20 Bewertungen) (+5) | Sehr gute Bewertung (+5) | Telefon bekannt (+5),2026-05-28,neu
Elektro Stebel,Elektriker,0172 4190787,,"Himptenhof 15, 30657 Hannover, Deutschland",,False,False,,False,,,,ChIJ1brlecMMsEcRPomRFaw0IrA,5,14,50,Keine Website gefunden (+40) | Sehr gute Bewertung (+5) | Telefon bekannt (+5),2026-05-28,neu
HELD Elektrotechnik e.K.,Elektriker,0511 76120731,,"Am Herrenhäuser bhf 26, 30419 Hannover, Deutschland",https://elektro-held.de/,True,True,21,True,1049,False,13.03.2005,ChIJXam3YOpzsEcRU-ObeSoDvro,5,3,50,Website sehr alt (21 Jahre) (+25) | Nicht mobilfreundlich (+15) | Sehr gute Bewertung (+5) | Telefon bekannt (+5),2026-05-28,neu
"Elektro-Andresen, Hans-Uwe Andresen GmbH",Elektriker,0511 887147,,"Hildesheimer Str. 120, 30173 Hannover, Deutschland",http://www.elektro-andresen.de/,True,True,21,False,2230,True,31.01.2005,ChIJ-4FlnTELsEcRU4KKq0g3eVA,3.9,42,50,Website sehr alt (21 Jahre) (+25) | Kein HTTPS (+10) | Langsam (2230ms) (+5) | Gute Aktivität (42 Bewertungen) (+5) | Telefon bekannt (+5),2026-05-28,neu
Sanitär- und Wärmetechnik Klaus Nause | Hannover,Klempner,0511 461572,,"An d. Kirche 22a, 30457 Hannover, Deutschland",https://www.nause-sanitaer.de/,True,True,8,True,2926,True,10.11.2018,ChIJ4w-zZQ11sEcRH71dGvcaaLU,5,56,50,Website sehr alt (8 Jahre) (+25) | Langsam (2926ms) (+5) | Viele Bewertungen (56) (+10) | Sehr gute Bewertung (+5) | Telefon bekannt (+5),2026-05-28,neu
SHK GmbH Sanitär Heizung Klima,Klempner,0511 830051,,"Landwehrstraße 68, 30519 Hannover, Deutschland",https://www.shk-hannover.de/,True,True,15,True,1780,False,10.03.2011,ChIJQekCzd4KsEcRQmIKo8txyyI,4.9,10,50,Website sehr alt (15 Jahre) (+25) | Nicht mobilfreundlich (+15) | Sehr gute Bewertung (+5) | Telefon bekannt (+5),2026-05-28,neu
Wilhelm Krug Sanitäre Anlagen und Gasheizungen e.K.,Klempner,0511 341087,,"Leonhardtstraße 1, 30175 Hannover, Deutschland",https://www.krug-haustechnik.com/,True,True,8,True,3388,True,28.11.2018,ChIJkfbJpa10sEcReOXPRXOxak4,4.6,27,50,Website sehr alt (8 Jahre) (+25) | Sehr langsam (3388ms) (+10) | Gute Aktivität (27 Bewertungen) (+5) | Sehr gute Bewertung (+5) | Telefon bekannt (+5),2026-05-28,neu
Der Klempner Heinar Kuuslap,Klempner,0511 64227577,,"Gertrud-Greising-Weg 4, 30177 Hannover, Deutschland",,False,False,,False,,,,ChIJeWb59LQMsEcRhIfImpdPg3w,5,1,50,Keine Website gefunden (+40) | Sehr gute Bewertung (+5) | Telefon bekannt (+5),2026-05-28,neu
Sven Boettcher Sanitär Heizung,Klempner,0178 4353553,,"Zur Mühle 13a, 30559 Hannover, Deutschland",http://www.svenboe.de/,True,True,7,False,2659,True,21.08.2019,ChIJuwPHBdwLsEcRzaBUND35rkY,5,81,50,Website veraltet (7 Jahre) (+15) | Kein HTTPS (+10) | Langsam (2659ms) (+5) | Viele Bewertungen (81) (+10) | Sehr gute Bewertung (+5) | Telefon bekannt (+5),2026-05-28,neu
Bad-Studio Geibelstraße GmbH,Klempner,0511 800116,,"Geibelstraße 35, 30173 Hannover, Deutschland",https://badstudio-geibelstrasse.de/,True,True,21,True,2816,True,22.01.2005,ChIJtwl9vjYLsEcReW-lmAzLKuQ,4.5,56,50,Website sehr alt (21 Jahre) (+25) | Langsam (2816ms) (+5) | Viele Bewertungen (56) (+10) | Sehr gute Bewertung (+5) | Telefon bekannt (+5),2026-05-28,neu
Demir Sanitärtechnik GmbH,Klempner,0511 76812977,,"Vahrenwalder Str. 209a, 30165 Hannover, Deutschland",http://www.demir-sani.de/,True,True,13,False,1755,True,09.05.2013,ChIJjakva3ZzsEcRETYYmQdQK_o,4.6,25,50,Website sehr alt (13 Jahre) (+25) | Kein HTTPS (+10) | Gute Aktivität (25 Bewertungen) (+5) | Sehr gute Bewertung (+5) | Telefon bekannt (+5),2026-05-28,neu
Hartzsch Sanitär- und Heizungstechnik GmbH,Klempner,0511 635034,,"Niederaue 20, 30419 Hannover, Deutschland",https://www.hartzschgmbh.de/,True,True,24,True,3326,True,26.05.2002,ChIJYXphJApzsEcRkf8wdT9pInY,4.6,23,50,Website sehr alt (24 Jahre) (+25) | Sehr langsam (3326ms) (+10) | Gute Aktivität (23 Bewertungen) (+5) | Sehr gute Bewertung (+5) | Telefon bekannt (+5),2026-05-28,neu
Behrens Sanitär- und Gasheizungstechnik GmbH,Klempner,0511 861185,,"Neue Str. 15, 30880 Laatzen, Deutschland",http://www.badsanierung-hannover.de/,True,True,19,False,1556,True,05.09.2007,ChIJxfygjooKsEcRcBZz6RMRzLc,4.9,22,50,Website sehr alt (19 Jahre) (+25) | Kein HTTPS (+10) | Gute Aktivität (22 Bewertungen) (+5) | Sehr gute Bewertung (+5) | Telefon bekannt (+5),2026-05-28,neu
Torben Käthner - Heizung und Sanitär,Klempner,0160 6326787,,"An d. Laubhütte 20, 30453 Hannover, Deutschland",,False,False,,False,,,,ChIJY-QpJjnxZGkRtQ_cveBy64o,5,4,50,Keine Website gefunden (+40) | Sehr gute Bewertung (+5) | Telefon bekannt (+5),2026-05-28,neu
Held + Volker Gebäudetechnik GmbH,Klempner,0511 791111,,"Garbsener Landstraße 10, 30419 Hannover, Deutschland",,False,False,,False,,,,ChIJNUvz_HtxsEcR_8K6CpPrtCg,5,8,50,Keine Website gefunden (+40) | Sehr gute Bewertung (+5) | Telefon bekannt (+5),2026-05-28,neu
Herden & Köllner Haustechnik GmbH & Co. KG,Klempner,0511 86655944,,"Zeißstraße 83, 30519 Hannover, Deutschland",http://www.hk-haustechnik.de/,True,True,21,False,2549,True,31.01.2005,ChIJt8-ImhsLsEcRr0UZBgr4Tyk,4.2,47,50,Website sehr alt (21 Jahre) (+25) | Kein HTTPS (+10) | Langsam (2549ms) (+5) | Gute Aktivität (47 Bewertungen) (+5) | Telefon bekannt (+5),2026-05-28,neu
Sanitär- und Wärmetechnik Klaus Nause | Hannover,Installateur,0511 461572,,"An d. Kirche 22a, 30457 Hannover, Deutschland",https://www.nause-sanitaer.de/,True,True,8,True,2181,True,10.11.2018,ChIJ4w-zZQ11sEcRH71dGvcaaLU,5,56,50,Website sehr alt (8 Jahre) (+25) | Langsam (2181ms) (+5) | Viele Bewertungen (56) (+10) | Sehr gute Bewertung (+5) | Telefon bekannt (+5),2026-05-28,neu
Sven Boettcher Sanitär Heizung,Installateur,0178 4353553,,"Zur Mühle 13a, 30559 Hannover, Deutschland",http://www.svenboe.de/,True,True,7,False,2193,True,21.08.2019,ChIJuwPHBdwLsEcRzaBUND35rkY,5,81,50,Website veraltet (7 Jahre) (+15) | Kein HTTPS (+10) | Langsam (2193ms) (+5) | Viele Bewertungen (81) (+10) | Sehr gute Bewertung (+5) | Telefon bekannt (+5),2026-05-28,neu
Hagemann & Sohn,Installateur,0511 621811,,"Steinmetzstraße 9, 30163 Hannover, Deutschland",http://www.shk-hagemann.de/,True,True,21,False,2635,True,08.02.2005,ChIJS0j_eVpzsEcRNBOxKMHyRUY,4.1,25,50,Website sehr alt (21 Jahre) (+25) | Kein HTTPS (+10) | Langsam (2635ms) (+5) | Gute Aktivität (25 Bewertungen) (+5) | Telefon bekannt (+5),2026-05-28,neu
Hildebrandt Heizung Sanitär GmbH,Installateur,0511 841868,,"Reichhelmstraße 2, 30519 Hannover, Deutschland",http://www.hildebrandt-gmbh.de/,True,True,26,False,1947,True,22.06.2000,ChIJi3AOst4KsEcRnpcoMXKmSzU,4.5,21,50,Website sehr alt (26 Jahre) (+25) | Kein HTTPS (+10) | Gute Aktivität (21 Bewertungen) (+5) | Sehr gute Bewertung (+5) | Telefon bekannt (+5),2026-05-28,neu
Herden & Köllner Haustechnik GmbH & Co. KG,Installateur,0511 86655944,,"Zeißstraße 83, 30519 Hannover, Deutschland",http://www.hk-haustechnik.de/,True,True,21,False,2744,True,31.01.2005,ChIJt8-ImhsLsEcRr0UZBgr4Tyk,4.2,47,50,Website sehr alt (21 Jahre) (+25) | Kein HTTPS (+10) | Langsam (2744ms) (+5) | Gute Aktivität (47 Bewertungen) (+5) | Telefon bekannt (+5),2026-05-28,neu
Michael Richter Sanitärinstallationen,Installateur,0511 862040,,"Fontainestraße 5, 30519 Hannover, Deutschland",,False,False,,False,,,,ChIJOU5JoD44ZUERDKxNM6GdUxU,5,6,50,Keine Website gefunden (+40) | Sehr gute Bewertung (+5) | Telefon bekannt (+5),2026-05-28,neu
Behrens Sanitär- und Gasheizungstechnik GmbH,Installateur,0511 861185,,"Neue Str. 15, 30880 Laatzen, Deutschland",http://www.badsanierung-hannover.de/,True,True,19,False,1569,True,05.09.2007,ChIJxfygjooKsEcRcBZz6RMRzLc,4.9,22,50,Website sehr alt (19 Jahre) (+25) | Kein HTTPS (+10) | Gute Aktivität (22 Bewertungen) (+5) | Sehr gute Bewertung (+5) | Telefon bekannt (+5),2026-05-28,neu
Steiner Sanitär- & Heizungstechnik GmbH,Installateur,0511 557070,,"Anderter Str., 30629 Hannover, Deutschland",https://steiner-hannover.de/,True,True,11,True,1432,False,23.03.2015,ChIJj0P86wAMsEcRXWMzBKXbh9w,4,23,50,Website sehr alt (11 Jahre) (+25) | Nicht mobilfreundlich (+15) | Gute Aktivität (23 Bewertungen) (+5) | Telefon bekannt (+5),2026-05-28,neu
Malermeister Dornseiff GmbH & Co. KG,Maler,0511 9781312,,"Schulenburger Landstraße 128, 30165 Hannover, Deutschland",http://www.malermeister-dornseiff.de/,True,True,5,False,2533,True,27.11.2021,ChIJw5ul4qRzsEcR0RVHnBfP4Mo,4.9,115,50,Website veraltet (5 Jahre) (+15) | Kein HTTPS (+10) | Langsam (2533ms) (+5) | Viele Bewertungen (115) (+10) | Sehr gute Bewertung (+5) | Telefon bekannt (+5),2026-05-28,neu
Malermeister Born GmbH,Maler,0511 880012,,"Seestraße 29, 30171 Hannover, Deutschland",http://www.malerfachbetrieb-hannover.de/,True,True,16,False,2481,True,09.12.2010,ChIJI8CatU4LsEcRV3gCcuZGYz8,4.7,12,50,Website sehr alt (16 Jahre) (+25) | Kein HTTPS (+10) | Langsam (2481ms) (+5) | Sehr gute Bewertung (+5) | Telefon bekannt (+5),2026-05-28,neu
Malerfachbetrieb Arend - Hannover und Umgebung,Maler,0511 53420170,,"Hans-Böckler-Straße 18, 30851 Langenhagen, Deutschland",http://www.malerfachbetrieb-arend.de/,True,True,5,False,4057,True,22.06.2021,ChIJsUBYw6mBukcRWN-JKDAGgFw,4.9,21,50,Website veraltet (5 Jahre) (+15) | Kein HTTPS (+10) | Sehr langsam (4057ms) (+10) | Gute Aktivität (21 Bewertungen) (+5) | Sehr gute Bewertung (+5) | Telefon bekannt (+5),2026-05-28,neu
Malermeister Sebastian Venancio Henriques de Souza,Maler,0179 5418195,,"Asternstraße 16, 30167 Hannover, Deutschland",,False,False,,False,,,,ChIJewNmay4uygARJTEBnXm_wag,5,2,50,Keine Website gefunden (+40) | Sehr gute Bewertung (+5) | Telefon bekannt (+5),2026-05-28,neu
Giersberg Malerei- und Raumgestaltung,Maler,0511 522721,,"Tiergartenstraße 66, 30559 Hannover, Deutschland",,False,False,,False,,,,ChIJRdMb25kLsEcRMCShlkial70,5,8,50,Keine Website gefunden (+40) | Sehr gute Bewertung (+5) | Telefon bekannt (+5),2026-05-28,neu
KAMS Unternehmensgruppe,Maler,0511 2609410,,"Fränkische Str. 21, 30455 Hannover, Deutschland",https://kamsgmbh.de/,True,True,14,True,2680,True,11.06.2012,ChIJ6RS_n7R1sEcREHd0BVA2Fqk,5,52,50,Website sehr alt (14 Jahre) (+25) | Langsam (2680ms) (+5) | Viele Bewertungen (52) (+10) | Sehr gute Bewertung (+5) | Telefon bekannt (+5),2026-05-28,neu
Lalk die Malermeister GmbH,Maler,05139 896538,,"Ehlbeek 9, 30938 Burgwedel, Deutschland",http://www.lalk.de/,True,True,22,False,1871,True,02.12.2004,ChIJDeSVbfQSsEcR4oVjbfU1fFE,4.8,44,50,Website sehr alt (22 Jahre) (+25) | Kein HTTPS (+10) | Gute Aktivität (44 Bewertungen) (+5) | Sehr gute Bewertung (+5) | Telefon bekannt (+5),2026-05-28,neu
Dehnhardt Malermeister,Maler,0511 2833434,,"Marienstraße 111, 30171 Hannover, Deutschland",,False,False,,False,,,,ChIJs7Bnwk4LsEcRQsu0HKqUBU4,5,1,50,Keine Website gefunden (+40) | Sehr gute Bewertung (+5) | Telefon bekannt (+5),2026-05-28,neu
Fliesen Ambiente,Fliesenleger,0511 429609,,"Hamburger Allee 48, 30161 Hannover, Deutschland",http://www.fliesen-ambiente-hannover.de/,True,True,14,False,2645,True,12.09.2012,ChIJmUZyaKZ0sEcReBZ24DMOaIk,5,7,50,Website sehr alt (14 Jahre) (+25) | Kein HTTPS (+10) | Langsam (2645ms) (+5) | Sehr gute Bewertung (+5) | Telefon bekannt (+5),2026-05-28,neu
HPC Fliesen GmbH,Fliesenleger,0511 94996500,,"Carl-Buderus-Str. 11, 30455 Hannover, Deutschland",https://www.hpc-fliesen.de/,True,True,13,True,1298,False,14.05.2013,ChIJww16tEp0sEcR6lVAFrB0Ovw,5,5,50,Website sehr alt (13 Jahre) (+25) | Nicht mobilfreundlich (+15) | Sehr gute Bewertung (+5) | Telefon bekannt (+5),2026-05-28,neu
RG-HAUSTECHNIK,Fliesenleger,0178 4032827,,"Posthornstraße 12, 30449 Hannover, Deutschland",,False,False,,False,,,,ChIJwzKLbJV1sEcR2FCJYLTgMHA,5,5,50,Keine Website gefunden (+40) | Sehr gute Bewertung (+5) | Telefon bekannt (+5),2026-05-28,neu
Heinz EWALD GmbH Bedachungen,Dachdecker,0511 421652,,"Im Lämpchen 19, 30459 Hannover, Deutschland",https://www.ewaldbedachungen.de/?utm_source=google&utm_medium=local&utm_campaign=gmb,True,True,22,True,4016,True,04.12.2004,ChIJm_6JSdp0sEcR1pxfaHquHLY,4.6,31,50,Website sehr alt (22 Jahre) (+25) | Sehr langsam (4016ms) (+10) | Gute Aktivität (31 Bewertungen) (+5) | Sehr gute Bewertung (+5) | Telefon bekannt (+5),2026-05-28,neu
MS Dachservice Hannover GmbH,Dachdecker,0511 2137106,,"Am Radlah 12, 30880 Laatzen, Deutschland",http://www.ms-dachservice.de/,True,True,10,False,2137,True,19.06.2016,ChIJYQ_6HEenukcRkUSovI6sltM,5,16,50,Website sehr alt (10 Jahre) (+25) | Kein HTTPS (+10) | Langsam (2137ms) (+5) | Sehr gute Bewertung (+5) | Telefon bekannt (+5),2026-05-28,neu
Holz- und Bautenschutz - Christian Clauss,Dachdecker,01511 1232894,,"Lenbachstraße 16, 30655 Hannover, Deutschland",https://www.clauss-dachservice.de/,True,False,,True,,,,ChIJ_zuCCb4MsEcRFCEhqPyXrws,5,40,50,Website nicht erreichbar (+35) | Gute Aktivität (40 Bewertungen) (+5) | Sehr gute Bewertung (+5) | Telefon bekannt (+5),2026-05-28,neu
van der Velde Dächer,Dachdecker,05102 3051,,"Rostocker Str. 5, 30880 Laatzen, Deutschland",http://www.van-der-velde-daecher.de/,True,True,12,False,1002,True,22.12.2014,ChIJOzLdO6igukcR2-4bcmGFtIc,4.8,31,50,Website sehr alt (12 Jahre) (+25) | Kein HTTPS (+10) | Gute Aktivität (31 Bewertungen) (+5) | Sehr gute Bewertung (+5) | Telefon bekannt (+5),2026-05-28,neu
Dachdecker-Einkauf Hannover,Dachdecker,0511 279890,,"Vinnhorster Weg 141, 30419 Hannover, Deutschland",http://www.dachdecker1kauf.de/,True,False,13,False,,,17.03.2013,ChIJG9KQh5hzsEcR-Q9xSSr68cY,4.3,132,50,Website nicht erreichbar (+35) | Viele Bewertungen (132) (+10) | Telefon bekannt (+5),2026-05-28,neu
Dachdecker-Einkauf Hannover,Dachdecker,0511 610001,,"Siemensstraße 21, 30916 Isernhagen, Deutschland",http://www.dachdecker1kauf.de/,True,False,13,False,,,17.03.2013,ChIJqaCqNKoNsEcRufc3wQzHkPE,4.5,47,50,Website nicht erreichbar (+35) | Gute Aktivität (47 Bewertungen) (+5) | Sehr gute Bewertung (+5) | Telefon bekannt (+5),2026-05-28,neu
DACHDECKER RAMDEDOVIC,Dachdecker,0173 2170905,,"Ziegeleistraße 31 + 33, 30855 Langenhagen, Deutschland",,False,False,,False,,,,ChIJL1LGxFRzsEcRJhIjKsgJwfo,5,17,50,Keine Website gefunden (+40) | Sehr gute Bewertung (+5) | Telefon bekannt (+5),2026-05-28,neu
Melle Gallhöfer Dach GmbH,Dachdecker,0511 937930,,"Sokelantstraße 15, 30165 Hannover, Deutschland",http://www.melle-gallhoefer.de/a/standorte/melle-gallhoefer/hannover,True,False,7,False,,,03.04.2019,ChIJ6XzdKnRzsEcRXSFpKSkkmys,4.5,27,50,Website nicht erreichbar (+35) | Gute Aktivität (27 Bewertungen) (+5) | Sehr gute Bewertung (+5) | Telefon bekannt (+5),2026-05-28,neu
Zimmerei Lemke,Dachdecker,01573 0717881,,"Im Hellerloh 2, 30457 Hannover, Deutschland",,False,False,,False,,,,ChIJEXCJogx1sEcRER6txWUIQv8,4.8,19,50,Keine Website gefunden (+40) | Sehr gute Bewertung (+5) | Telefon bekannt (+5),2026-05-28,neu
Zimmermann Sonderposten - Mehr als Du denkst!,Zimmermann,0511 96497585,,"Junkersstraße 1, 30179 Hannover, Deutschland",http://www.zimmermann.de/,True,False,,False,,,,ChIJd-EYCz1zsEcRB5jKZ-kA-2E,3.8,1436,50,Website nicht erreichbar (+35) | Viele Bewertungen (1436) (+10) | Telefon bekannt (+5),2026-05-28,neu
"Auf Maß, Möbeltischlerei",Schreiner,0511 47322347,,"Walsroder Str. 317, 30855 Langenhagen, Deutschland",https://www.auf-mass-tischlerei.de/,True,True,9,True,2263,True,11.09.2017,ChIJ7_V_zyl1sEcRJMQTrYxHxUM,4.8,53,50,Website sehr alt (9 Jahre) (+25) | Langsam (2263ms) (+5) | Viele Bewertungen (53) (+10) | Sehr gute Bewertung (+5) | Telefon bekannt (+5),2026-05-28,neu
HANNO Bau- u. Möbeltischlerei GmbH,Schreiner,0511 704010,,"Bachstraße 11, 30167 Hannover, Deutschland",http://www.tischlerei-hanno.de/,True,True,14,False,4335,True,29.01.2012,ChIJLSXi8590sEcRv2hjwmcpWwU,4.4,7,50,Website sehr alt (14 Jahre) (+25) | Kein HTTPS (+10) | Sehr langsam (4335ms) (+10) | Telefon bekannt (+5),2026-05-28,neu
Tischlerei Thorsten Hass,Schreiner,0511 12229343,,"Badenstedter Str. 46D, 30453 Hannover, Deutschland",https://www.tischlerei-hass.de/,True,True,22,True,884,False,12.12.2004,ChIJm1EHv_N0sEcRpwRAKL2Yrn0,5,4,50,Website sehr alt (22 Jahre) (+25) | Nicht mobilfreundlich (+15) | Sehr gute Bewertung (+5) | Telefon bekannt (+5),2026-05-28,neu
Krätzer Hermann,Schreiner,0511 441151,,"Rampenstraße 15, 30449 Hannover, Deutschland",,False,False,,False,,,,ChIJr4Hdv5J0sEcRWzReNaZuIac,5,1,50,Keine Website gefunden (+40) | Sehr gute Bewertung (+5) | Telefon bekannt (+5),2026-05-28,neu
Daniel Renken,Schreiner,0511 97939522,,"Entenfangweg 12, 30419 Hannover, Deutschland",,False,False,,False,,,,ChIJfWZ_WJFzsEcRrhn3T6A1kAk,5,2,50,Keine Website gefunden (+40) | Sehr gute Bewertung (+5) | Telefon bekannt (+5),2026-05-28,neu
Andreas Fülling,Schreiner,0511 801517,,"Altenbekener Damm 8, 30173 Hannover, Deutschland",,False,False,,False,,,,ChIJdWumVDkLsEcR7l2N3sOMw_g,5,1,50,Keine Website gefunden (+40) | Sehr gute Bewertung (+5) | Telefon bekannt (+5),2026-05-28,neu
Hübner ThomasTischlermeister,Schreiner,0511 494048,,"Fränkische Str. 38, 30455 Hannover, Deutschland",,False,False,,False,,,,ChIJBwCFUrN1sEcRfv9dGjcU7zQ,5,1,50,Keine Website gefunden (+40) | Sehr gute Bewertung (+5) | Telefon bekannt (+5),2026-05-28,neu
Holz & Bautechnik Grüne GmbH,Schreiner,0511 40088340,,"Marie-Curie-Straße 6, 30926 Seelze, Deutschland",,False,False,,False,,,,ChIJk4hKYhN1sEcRQVJCpm1aT-4,5,8,50,Keine Website gefunden (+40) | Sehr gute Bewertung (+5) | Telefon bekannt (+5),2026-05-28,neu
Eggers SiegfriedTischlermeister,Schreiner,05102 914170,,"Dorfbrunnenstraße, 30880 Laatzen, Deutschland",http://www.tischlerei-eggers.de/,True,True,19,False,2943,True,25.12.2007,ChIJwZbn-3inukcRQFufxfWZsnc,5,5,50,Website sehr alt (19 Jahre) (+25) | Kein HTTPS (+10) | Langsam (2943ms) (+5) | Sehr gute Bewertung (+5) | Telefon bekannt (+5),2026-05-28,neu
Sanitär- und Wärmetechnik Klaus Nause | Hannover,Heizungsbauer,0511 461572,,"An d. Kirche 22a, 30457 Hannover, Deutschland",https://www.nause-sanitaer.de/,True,True,8,True,2283,True,10.11.2018,ChIJ4w-zZQ11sEcRH71dGvcaaLU,5,56,50,Website sehr alt (8 Jahre) (+25) | Langsam (2283ms) (+5) | Viele Bewertungen (56) (+10) | Sehr gute Bewertung (+5) | Telefon bekannt (+5),2026-05-28,neu
SHK GmbH Sanitär Heizung Klima,Heizungsbauer,0511 830051,,"Landwehrstraße 68, 30519 Hannover, Deutschland",https://www.shk-hannover.de/,True,True,15,True,1605,False,10.03.2011,ChIJQekCzd4KsEcRQmIKo8txyyI,4.9,10,50,Website sehr alt (15 Jahre) (+25) | Nicht mobilfreundlich (+15) | Sehr gute Bewertung (+5) | Telefon bekannt (+5),2026-05-28,neu
Hartzsch Sanitär- und Heizungstechnik GmbH,Heizungsbauer,0511 635034,,"Niederaue 20, 30419 Hannover, Deutschland",https://www.hartzschgmbh.de/,True,True,24,True,3395,True,26.05.2002,ChIJYXphJApzsEcRkf8wdT9pInY,4.6,23,50,Website sehr alt (24 Jahre) (+25) | Sehr langsam (3395ms) (+10) | Gute Aktivität (23 Bewertungen) (+5) | Sehr gute Bewertung (+5) | Telefon bekannt (+5),2026-05-28,neu
Wilhelm Buermann GmbH,Heizungsbauer,0511 423833,,"Am Holunder 58A, 30459 Hannover, Deutschland",http://www.buermann-gmbh.de/,True,True,21,False,713,True,05.05.2005,ChIJNxZYHxl1sEcREX-sbLCKevY,4.5,40,50,Website sehr alt (21 Jahre) (+25) | Kein HTTPS (+10) | Gute Aktivität (40 Bewertungen) (+5) | Sehr gute Bewertung (+5) | Telefon bekannt (+5),2026-05-28,neu
Komarek Heizung und Sanitär GmbH,Heizungsbauer,0511 7261855,,"Beneckeallee 30, 30419 Hannover, Deutschland",http://www.komarek-haustechnik.de/,True,True,16,False,2701,True,23.07.2010,ChIJTZp32INysEcRgGxcjBIHSyM,4.4,30,50,Website sehr alt (16 Jahre) (+25) | Kein HTTPS (+10) | Langsam (2701ms) (+5) | Gute Aktivität (30 Bewertungen) (+5) | Telefon bekannt (+5),2026-05-28,neu
König Heizung Sanitär GmbH & Co. KG,Heizungsbauer,0511 9791333,,"Frankenring 5, 30855 Langenhagen, Deutschland",http://www.shk-koenig.de/,True,True,15,False,1914,True,26.11.2011,ChIJT6cRulw7ZUERwt76rliaT8E,4.4,58,50,Website sehr alt (15 Jahre) (+25) | Kein HTTPS (+10) | Viele Bewertungen (58) (+10) | Telefon bekannt (+5),2026-05-28,neu
"Gesundheitstechnik Carl Oettinger GmbH - Badezimmer Sanierung, Klempner, Heizung",Heizungsbauer,0511 942990,,"Beekestraße 54, 30459 Hannover, Deutschland",http://www.carloettinger.de/,True,True,,False,3636,False,,ChIJ3wGN1id1sEcRvtbKYXQljmQ,4,90,50,Kein HTTPS (+10) | Nicht mobilfreundlich (+15) | Sehr langsam (3636ms) (+10) | Viele Bewertungen (90) (+10) | Telefon bekannt (+5),2026-05-28,neu
Hildebrandt Heizung Sanitär GmbH,Sanitär,0511 841868,,"Reichhelmstraße 2, 30519 Hannover, Deutschland",http://www.hildebrandt-gmbh.de/,True,True,26,False,1866,True,22.06.2000,ChIJi3AOst4KsEcRnpcoMXKmSzU,4.5,21,50,Website sehr alt (26 Jahre) (+25) | Kein HTTPS (+10) | Gute Aktivität (21 Bewertungen) (+5) | Sehr gute Bewertung (+5) | Telefon bekannt (+5),2026-05-28,neu
Torben Käthner - Heizung und Sanitär,Sanitär,0160 6326787,,"An d. Laubhütte 20, 30453 Hannover, Deutschland",,False,False,,False,,,,ChIJY-QpJjnxZGkRtQ_cveBy64o,5,4,50,Keine Website gefunden (+40) | Sehr gute Bewertung (+5) | Telefon bekannt (+5),2026-05-28,neu
Komarek Heizung und Sanitär GmbH,Sanitär,0511 7261855,,"Beneckeallee 30, 30419 Hannover, Deutschland",http://www.komarek-haustechnik.de/,True,True,16,False,2601,True,23.07.2010,ChIJTZp32INysEcRgGxcjBIHSyM,4.4,30,50,Website sehr alt (16 Jahre) (+25) | Kein HTTPS (+10) | Langsam (2601ms) (+5) | Gute Aktivität (30 Bewertungen) (+5) | Telefon bekannt (+5),2026-05-28,neu
"Gesundheitstechnik Carl Oettinger GmbH - Badezimmer Sanierung, Klempner, Heizung",Sanitär,0511 942990,,"Beekestraße 54, 30459 Hannover, Deutschland",http://www.carloettinger.de/,True,True,,False,3473,False,,ChIJ3wGN1id1sEcRvtbKYXQljmQ,4,90,50,Kein HTTPS (+10) | Nicht mobilfreundlich (+15) | Sehr langsam (3473ms) (+10) | Viele Bewertungen (90) (+10) | Telefon bekannt (+5),2026-05-28,neu
Weismann | Sanitär-Heizung-Klima,Sanitär,01522 2786502,,"Borsigweg 9, 30165 Hannover, Deutschland",,False,False,,False,,,,ChIJIyP8kftzsEcRtzJWvd9yV8k,5,2,50,Keine Website gefunden (+40) | Sehr gute Bewertung (+5) | Telefon bekannt (+5),2026-05-28,neu
Tahiri Trockenbau,Trockenbau,0511 5690872,,"Höpfnerstraße 20, 30459 Hannover, Deutschland",,False,False,,False,,,,ChIJWxTQLtp1sEcRy3Pz0S5HkAo,5,9,50,Keine Website gefunden (+40) | Sehr gute Bewertung (+5) | Telefon bekannt (+5),2026-05-28,neu
"ELDADO Trockenbau – Spachtelarbeiten, Verputz & Laminat-Hannover",Trockenbau,01523 7934632,,"Hinter d. Alten Burg 12, 30629 Hannover, Deutschland",,False,False,,False,,,,ChIJs_2SbXmdJEYRu85ZbuIMvMQ,5,4,50,Keine Website gefunden (+40) | Sehr gute Bewertung (+5) | Telefon bekannt (+5),2026-05-28,neu
"Fensterglück.de - Drutex Fenster, Türen und Rollläden",Fenster und Türen,05031 972327,,"Auf Bösselhagen 16A, 31515 Wunstorf, Deutschland",http://fensterglück.de/,True,False,,False,,,,ChIJKxdhLNx7sEcRlo8f17NMgKA,4.9,40,50,Website nicht erreichbar (+35) | Gute Aktivität (40 Bewertungen) (+5) | Sehr gute Bewertung (+5) | Telefon bekannt (+5),2026-05-28,neu
OBI Markt Hannover-Linden,Fenster und Türen,0511 353570,,"Elfriede-Paul-Allee 15, 30449 Hannover, Deutschland",https://www.obi.de/markt/hannover-linden?wt__mc=gp.de447_Hannover-Linden%E2%80%A6,True,False,,True,,,,ChIJba28wud0sEcR6anZV_KWjEE,4.1,2946,50,Website nicht erreichbar (+35) | Viele Bewertungen (2946) (+10) | Telefon bekannt (+5),2026-05-28,neu
Bernd Ertmer Rollladenbau,Fenster und Türen,0511 9525411,,"Marie-Curie-Straße 13, 30966 Hemmingen, Deutschland",,False,False,,False,,,,ChIJE5Djr0h1sEcRtQ9K_SEgAoM,5,13,50,Keine Website gefunden (+40) | Sehr gute Bewertung (+5) | Telefon bekannt (+5),2026-05-28,neu
Gartenservice Simsek Hannover - Garten & Hausmeisterservice - Winterdienst,Gartenbau,01520 6246940,,"Stralauweg 29, 30179 Hannover, Deutschland",,False,False,,False,,,,ChIJM_5wxIcNsEcRgqSmt599_m4,5,16,50,Keine Website gefunden (+40) | Sehr gute Bewertung (+5) | Telefon bekannt (+5),2026-05-28,neu
Juki Garten & Landschaftsbau,Gartenbau,01577 1995721,,"Henniesruh 34A, 30655 Hannover, Deutschland",,False,False,,False,,,,ChIJlXccTU4NsEcR3F0_PjGU2SY,5,8,50,Keine Website gefunden (+40) | Sehr gute Bewertung (+5) | Telefon bekannt (+5),2026-05-28,neu
Bernd Habenicht Garten- und Landschaftsbau,Gartenbau,0511 3731170,,"Weimarer Allee 24, 30179 Hannover, Deutschland",,False,False,,False,,,,ChIJP7TIEa9zsEcRJhbMdU9lmJ0,5,2,50,Keine Website gefunden (+40) | Sehr gute Bewertung (+5) | Telefon bekannt (+5),2026-05-28,neu
Guhrs Gartenparadiese - Verwirklichen Sie Ihre Träume,Gartenbau,0511 56370364,,"Windheimstraße 13, 30451 Hannover, Deutschland",,False,False,,False,,,,ChIJHcdfwBR1sEcR_K0hAtqcK8o,5,2,50,Keine Website gefunden (+40) | Sehr gute Bewertung (+5) | Telefon bekannt (+5),2026-05-28,neu
Gashi Garten- und Landschaftsbau,Gartenbau,0511 2359331,,"Sollingweg 75, 30851 Langenhagen, Deutschland",,False,False,,False,,,,ChIJyzPJouZysEcRTUBXBmu8La4,4.7,6,50,Keine Website gefunden (+40) | Sehr gute Bewertung (+5) | Telefon bekannt (+5),2026-05-28,neu
Cleanexx Dienstleistungen - Gebäudereinigung & Haushaltshilfe Hannover,Reinigungsfirma,01522 9357113,,"Am Marstall 11, 30159 Hannover, Deutschland",http://www.cleanexx.de/,True,False,,False,,,,ChIJLwsJUp6hJEARudqsV1lbeQw,5,26,50,Website nicht erreichbar (+35) | Gute Aktivität (26 Bewertungen) (+5) | Sehr gute Bewertung (+5) | Telefon bekannt (+5),2026-05-28,neu
LS Gebäudeservice,Reinigungsfirma,0176 61404522,,"Weidendamm 30, 30167 Hannover, Deutschland",http://lsglasgebaudereinigung.de/,True,False,,False,,,,ChIJzQvTIt91sEcRUJFJheaznZs,5,20,50,Website nicht erreichbar (+35) | Gute Aktivität (20 Bewertungen) (+5) | Sehr gute Bewertung (+5) | Telefon bekannt (+5),2026-05-28,neu
Reinigungsservice-BERTRAM,Reinigungsfirma,0176 93709590,,"Weidendamm 57, 30167 Hannover, Deutschland",https://www.reinigungsservice-bertram.com/,True,False,,True,,,,ChIJA4dlmZZzsEcRM3i4hYqbxx8,5,24,50,Website nicht erreichbar (+35) | Gute Aktivität (24 Bewertungen) (+5) | Sehr gute Bewertung (+5) | Telefon bekannt (+5),2026-05-28,neu
AHM Gebäudereinigung Hannover Reinigungsservice,Reinigungsfirma,0176 72983559,,"Lüssenhopstraße 18A, 30419 Hannover, Deutschland",https://www.ahmreinigung.de/,True,False,,True,,,,ChIJ4SRfpf84vCQRyAfIeQrqv70,5,20,50,Website nicht erreichbar (+35) | Gute Aktivität (20 Bewertungen) (+5) | Sehr gute Bewertung (+5) | Telefon bekannt (+5),2026-05-28,neu
Schlüsseldienst Hannover 24/7,Schlüsseldienst,0511 95731558,,"Grotestraße 4, 30451 Hannover, Deutschland",,False,False,,False,,,,ChIJC7z-8cZ1sEcRtQV4Z5L_c9I,5,10,50,Keine Website gefunden (+40) | Sehr gute Bewertung (+5) | Telefon bekannt (+5),2026-05-28,neu
Schlüsseldienst GH,Schlüsseldienst,0511 4732788,,"Göttinger Ch 161, 30459 Hannover, Deutschland",,False,False,,False,,,,ChIJTwWJlNl1sEcRMq-EG4vhMfk,4.8,16,50,Keine Website gefunden (+40) | Sehr gute Bewertung (+5) | Telefon bekannt (+5),2026-05-28,neu
Schlüsseldienst Berardinelli,Schlüsseldienst,0172 6033756,,"Ziegelstraße 7, 30519 Hannover, Deutschland",,False,False,,False,,,,ChIJNzemkTc4ZUERznU-Wz9lWqQ,4.4,30,50,Keine Website gefunden (+40) | Gute Aktivität (30 Bewertungen) (+5) | Telefon bekannt (+5),2026-05-28,neu
Schlüsseldienst Express Schuhreparatur,Schlüsseldienst,0511 4506622,,"Im Marktkauf, Vahrenwalder Str. 140, 30165 Hannover, Deutschland",,False,False,,False,,,,ChIJUYhiDn1zsEcR_FTEprsW7bo,5,3,50,Keine Website gefunden (+40) | Sehr gute Bewertung (+5) | Telefon bekannt (+5),2026-05-28,neu
Schuh und Schlüsseldienst,Schlüsseldienst,0511 6497918,,"Buchholzer Str. 12, 30629 Hannover, Deutschland",,False,False,,False,,,,ChIJv4E51BMMsEcRI9tPdgsqe64,4.4,41,50,Keine Website gefunden (+40) | Gute Aktivität (41 Bewertungen) (+5) | Telefon bekannt (+5),2026-05-28,neu
Andreas Hühnke,Schlüsseldienst,0511 559955,,"Kirchröder Str. 86, 30625 Hannover, Deutschland",,False,False,,False,,,,ChIJI3D5fpw5ZUER6J3SoTPaplQ,3.5,34,50,Keine Website gefunden (+40) | Gute Aktivität (34 Bewertungen) (+5) | Telefon bekannt (+5),2026-05-28,neu
Schuhe und Schlüssel Dienst,Schlüsseldienst,0511 6909007,,"Edenstraße, 30161 Hannover, Deutschland",,False,False,,False,,,,ChIJJZQN27tzsEcRudB_CyMTo50,5,4,50,Keine Website gefunden (+40) | Sehr gute Bewertung (+5) | Telefon bekannt (+5),2026-05-28,neu
Sencan Schuh und Schlüsseldienst Bothfeld,Schlüsseldienst,0163 4289611,,"Einkaufcenter Emmelmann, Sutelstraße 5, 30659 Hannover, Deutschland",,False,False,,False,,,,ChIJLwxoCewMsEcRZ_W6IUQkW1k,4.3,48,50,Keine Website gefunden (+40) | Gute Aktivität (48 Bewertungen) (+5) | Telefon bekannt (+5),2026-05-28,neu
MARKTKAUF Hannover,Schlüsseldienst,0511 626490,,"Vahrenwalder Str. 140, 30165 Hannover, Deutschland",https://www.marktkauf.de/hannover,True,False,,True,,,,ChIJ8QL0SENzsEcRW4k5BTnpJTc,4.1,3375,50,Website nicht erreichbar (+35) | Viele Bewertungen (3375) (+10) | Telefon bekannt (+5),2026-05-28,neu
BAUHAUS Hannover,Schlüsseldienst,0511 358150,,"Schulenburger Landstraße 125, 30165 Hannover, Deutschland",https://www.bauhaus.info/fachcentren/fachcentrum-hannover/fc/498,True,False,,True,,,,ChIJb_AJXnVzsEcR4albJ_PKV64,4.2,3621,50,Website nicht erreichbar (+35) | Viele Bewertungen (3621) (+10) | Telefon bekannt (+5),2026-05-28,neu
Elektroservice Schmidt,Elektriker,0176 57857892,,"Hartmannstraße 11, 30171 Hannover, Deutschland",https://schmidtelektroservice.de/,True,True,,True,4029,False,,ChIJs-duW2BXF6gRbe5Mq5-KMWA,5,67,45,Nicht mobilfreundlich (+15) | Sehr langsam (4029ms) (+10) | Viele Bewertungen (67) (+10) | Sehr gute Bewertung (+5) | Telefon bekannt (+5),2026-05-28,neu
DG Elektrotechnik,Elektriker,0511 9215657,,"Goethestraße 48, 30169 Hannover, Deutschland",https://dgelektrotechnik.de/,True,True,22,True,2406,True,02.12.2004,ChIJ__-Lxr10sEcRLjLimoEuxQQ,4.8,43,45,Website sehr alt (22 Jahre) (+25) | Langsam (2406ms) (+5) | Gute Aktivität (43 Bewertungen) (+5) | Sehr gute Bewertung (+5) | Telefon bekannt (+5),2026-05-28,neu
EHG Elektro Hannover GmbH,Elektriker,0511 45008125,,"Göttinger Ch 154, 30459 Hannover, Deutschland",http://elektroehg.de/,True,True,5,False,3944,True,29.11.2021,ChIJ4dknPZR1sEcRjzRaLbu2LdM,5,9,45,Website veraltet (5 Jahre) (+15) | Kein HTTPS (+10) | Sehr langsam (3944ms) (+10) | Sehr gute Bewertung (+5) | Telefon bekannt (+5),2026-05-28,neu
Elektriker Homann,Elektriker,0511 22830820,,"Südfeldstraße 10-12, 30453 Hannover, Deutschland",https://elektriker-homann.de/,True,False,1,True,,,20.02.2025,ChIJO2cndOx1sEcRuRGTFq62BAs,5,5,45,Website nicht erreichbar (+35) | Sehr gute Bewertung (+5) | Telefon bekannt (+5),2026-05-28,neu
"Aktherm Vater & Sohn , Sanitär-Heizung-Klima-Solar-Meisterbetrieb",Klempner,0163 0818793,,"Bremer Str. 7, 30880 Laatzen, Deutschland",http://www.aktherm-sh.de/,True,True,5,False,681,True,24.01.2021,ChIJ8VqXioyhukcRwDukwrHk_lg,5,59,45,Website veraltet (5 Jahre) (+15) | Kein HTTPS (+10) | Viele Bewertungen (59) (+10) | Sehr gute Bewertung (+5) | Telefon bekannt (+5),2026-05-28,neu
Sascha Buchner Sanitär und Heizung,Klempner,0511 3946870,,"Podbielskistraße 49, 30177 Hannover, Deutschland",https://www.sanitaer-buchner.de/,True,False,11,True,,,31.08.2015,ChIJ61zwN1NzsEcRvXng-6b-iew,4,34,45,Website nicht erreichbar (+35) | Gute Aktivität (34 Bewertungen) (+5) | Telefon bekannt (+5),2026-05-28,neu
PETER RALL GmbH,Klempner,0511 831369,,"Thuler Weg 7, 30519 Hannover, Deutschland",http://www.peter-rall.de/,True,True,21,False,1806,True,05.05.2005,ChIJwfrlVwQLsEcRAI3EfVEcNQk,4,26,45,Website sehr alt (21 Jahre) (+25) | Kein HTTPS (+10) | Gute Aktivität (26 Bewertungen) (+5) | Telefon bekannt (+5),2026-05-28,neu
Krosky Heizung-Lüftung & Sanitär GmbH,Klempner,0511 4755990,,"Limmerstraße 73, 30451 Hannover, Deutschland",http://www.krosky-gmbh.de/,True,True,10,False,473,True,13.03.2016,ChIJyfbQych1sEcR6ZH9FLvi41c,5,3,45,Website sehr alt (10 Jahre) (+25) | Kein HTTPS (+10) | Sehr gute Bewertung (+5) | Telefon bekannt (+5),2026-05-28,neu
Dirk Stadali,Klempner,0511 648044,,"Schmiedeberg 3, 30659 Hannover, Deutschland",,False,False,,False,,,,ChIJuZ5ZnaE7ZUERogc90SFTMic,4.4,19,45,Keine Website gefunden (+40) | Telefon bekannt (+5),2026-05-28,neu
Noetzel e.K.,Klempner,0511 3889612,,"Seestraße 4, 30171 Hannover, Deutschland",https://www.noetzel-shs.de/,True,False,6,True,,,07.08.2020,ChIJ24Z-u8ULsEcRnvjykBBHVNs,3.4,21,45,Website nicht erreichbar (+35) | Gute Aktivität (21 Bewertungen) (+5) | Telefon bekannt (+5),2026-05-28,neu
Engel J. Inh. Torsten Vogel,Klempner,0511 664706,,"Lister Damm 5, 30163 Hannover, Deutschland",https://www.sanitaer-engel.de/,True,True,22,True,3033,True,12.12.2004,ChIJ67wT3FtzsEcRUk8k8EUa6e4,3.9,25,45,Website sehr alt (22 Jahre) (+25) | Sehr langsam (3033ms) (+10) | Gute Aktivität (25 Bewertungen) (+5) | Telefon bekannt (+5),2026-05-28,neu
"Aktherm Vater & Sohn , Sanitär-Heizung-Klima-Solar-Meisterbetrieb",Installateur,0163 0818793,,"Bremer Str. 7, 30880 Laatzen, Deutschland",http://www.aktherm-sh.de/,True,True,5,False,680,True,24.01.2021,ChIJ8VqXioyhukcRwDukwrHk_lg,5,59,45,Website veraltet (5 Jahre) (+15) | Kein HTTPS (+10) | Viele Bewertungen (59) (+10) | Sehr gute Bewertung (+5) | Telefon bekannt (+5),2026-05-28,neu
Krosky Heizung-Lüftung & Sanitär GmbH,Installateur,0511 4755990,,"Limmerstraße 73, 30451 Hannover, Deutschland",http://www.krosky-gmbh.de/,True,True,10,False,517,True,13.03.2016,ChIJyfbQych1sEcR6ZH9FLvi41c,5,3,45,Website sehr alt (10 Jahre) (+25) | Kein HTTPS (+10) | Sehr gute Bewertung (+5) | Telefon bekannt (+5),2026-05-28,neu
Hartzsch Sanitär- und Heizungstechnik GmbH,Installateur,0511 635034,,"Niederaue 20, 30419 Hannover, Deutschland",https://www.hartzschgmbh.de/,True,True,24,True,2477,True,26.05.2002,ChIJYXphJApzsEcRkf8wdT9pInY,4.6,23,45,Website sehr alt (24 Jahre) (+25) | Langsam (2477ms) (+5) | Gute Aktivität (23 Bewertungen) (+5) | Sehr gute Bewertung (+5) | Telefon bekannt (+5),2026-05-28,neu
Engel J. Inh. Torsten Vogel,Installateur,0511 664706,,"Lister Damm 5, 30163 Hannover, Deutschland",https://www.sanitaer-engel.de/,True,True,22,True,3079,True,12.12.2004,ChIJ67wT3FtzsEcRUk8k8EUa6e4,3.9,25,45,Website sehr alt (22 Jahre) (+25) | Sehr langsam (3079ms) (+10) | Gute Aktivität (25 Bewertungen) (+5) | Telefon bekannt (+5),2026-05-28,neu
Springmann-Haustechnik,Installateur,0511 884044,,"Heuerstraße 18, 30519 Hannover, Deutschland",http://www.springmann-haustechnik.de/,True,True,,False,4060,False,,ChIJRUdSVDILsEcReOnmeii-TuM,4.3,30,45,Kein HTTPS (+10) | Nicht mobilfreundlich (+15) | Sehr langsam (4060ms) (+10) | Gute Aktivität (30 Bewertungen) (+5) | Telefon bekannt (+5),2026-05-28,neu
Sanify GmbH - Sanitär & Heizung,Installateur,0511 12269265,,"Wunstorfer Str. 71a, 30453 Hannover, Deutschland",http://www.sanify-shk.de/,True,False,5,False,,,23.12.2021,ChIJD-oapEZ1sEcRA5DyojzM6xU,4.8,13,45,Website nicht erreichbar (+35) | Sehr gute Bewertung (+5) | Telefon bekannt (+5),2026-05-28,neu
Bad-Studio Geibelstraße GmbH,Installateur,0511 800116,,"Geibelstraße 35, 30173 Hannover, Deutschland",https://badstudio-geibelstrasse.de/,True,True,21,True,1533,True,22.01.2005,ChIJtwl9vjYLsEcReW-lmAzLKuQ,4.5,56,45,Website sehr alt (21 Jahre) (+25) | Viele Bewertungen (56) (+10) | Sehr gute Bewertung (+5) | Telefon bekannt (+5),2026-05-28,neu
SHK-Life Meisterbetrieb für Sanitär- Heizung-Klima,Installateur,0176 32252084,,"Schulenburger Landstraße 50, 30165 Hannover, Deutschland",http://www-shk-life.com/,True,False,,False,,,,ChIJB7O2p_5zsEcRKmOPyzBbG8U,5,6,45,Website nicht erreichbar (+35) | Sehr gute Bewertung (+5) | Telefon bekannt (+5),2026-05-28,neu
Sanitär-Service Siegbert Smolin GmbH,Installateur,0511 661937,,"Lister Damm 7, 30163 Hannover, Deutschland",https://thermen-smoky.de/,True,True,21,True,5639,True,29.01.2005,ChIJj4rF601zsEcRc2jEwOXNrfI,4.1,20,45,Website sehr alt (21 Jahre) (+25) | Sehr langsam (5639ms) (+10) | Gute Aktivität (20 Bewertungen) (+5) | Telefon bekannt (+5),2026-05-28,neu
Malerfachbetrieb Heyse - Malerarbeiten Hannover,Maler,0511 612994,,"Hannoversche Str. 14, 30916 Isernhagen, Deutschland",https://www.maler-heyse.de/,True,True,21,True,1407,True,31.01.2005,ChIJ6y8oecMNsEcRrNva-CkM0-M,4.8,52,45,Website sehr alt (21 Jahre) (+25) | Viele Bewertungen (52) (+10) | Sehr gute Bewertung (+5) | Telefon bekannt (+5),2026-05-28,neu
Malermeister Van,Maler,0511 37355874,,"Dohmeyers Weg 2, 30625 Hannover, Deutschland",https://www.malermeister-van.de/,True,False,2,True,,,04.08.2024,ChIJD3Cb_b2VTK8RuxVHe3g-ihs,5,18,45,Website nicht erreichbar (+35) | Sehr gute Bewertung (+5) | Telefon bekannt (+5),2026-05-28,neu
Malermeister Jens Gabeler,Maler,0511 601424,,"Ada-Lessing-Str. 66, 30657 Hannover, Deutschland",http://www.malermeister-gabeler.de/,True,True,11,False,1986,True,29.09.2015,ChIJga97yMUMsEcR7eAyMLN68NQ,4.8,13,45,Website sehr alt (11 Jahre) (+25) | Kein HTTPS (+10) | Sehr gute Bewertung (+5) | Telefon bekannt (+5),2026-05-28,neu
Malermeister Grieß GmbH,Maler,0511 319578,,"Voßstraße 4, 30161 Hannover, Deutschland",http://www.malermeister-griess.de/,True,True,22,False,1516,True,05.12.2004,ChIJx8JXY1hzsEcRWAJFqUF2E0I,5,6,45,Website sehr alt (22 Jahre) (+25) | Kein HTTPS (+10) | Sehr gute Bewertung (+5) | Telefon bekannt (+5),2026-05-28,neu
Riefling Malerfachbetrieb,Maler,0177 3721175,,"Arndtstraße 26, 30167 Hannover, Deutschland",http://www.maler-riefling.de/,True,False,4,False,,,12.03.2022,ChIJUSasU6F0sEcRw_LNg_kz8bo,5,3,45,Website nicht erreichbar (+35) | Sehr gute Bewertung (+5) | Telefon bekannt (+5),2026-05-28,neu
PT-Malerfachbetrieb,Maler,0172 4452027,,"Alte Ziegelei 7, 30419 Hannover, Deutschland",https://www.pt-maler.de/,True,False,10,True,,,04.07.2016,ChIJs_tld_FzsEcRED5BAy6QMdU,5,11,45,Website nicht erreichbar (+35) | Sehr gute Bewertung (+5) | Telefon bekannt (+5),2026-05-28,neu
Maler Ekert UG,Maler,0511 8998368,,"Hoher Weg 8, 30519 Hannover, Deutschland",http://maler-ekert.de/,True,True,13,False,1093,True,11.05.2013,ChIJ7xYBWv0KsEcRKNbgQOeSk0g,4.8,12,45,Website sehr alt (13 Jahre) (+25) | Kein HTTPS (+10) | Sehr gute Bewertung (+5) | Telefon bekannt (+5),2026-05-28,neu
Popic Malereibetrieb,Maler,0176 64296904,,"Stöckener Str. 35, 30419 Hannover, Deutschland",http://www.popic-malerbetrieb-hannover.de/,True,False,,False,,,,ChIJcdheQ_NzsEcRYOZE2C7Hzws,5,8,45,Website nicht erreichbar (+35) | Sehr gute Bewertung (+5) | Telefon bekannt (+5),2026-05-28,neu
Maler Jordan | Hannover,Maler,0511 99995117,,"Am Brabrinke 14, 30519 Hannover, Deutschland",https://www.malerjordan.de/,True,True,17,True,2149,True,11.05.2009,ChIJl5GHaUJwsEcRB3fnOtFdKSE,4.5,26,45,Website sehr alt (17 Jahre) (+25) | Langsam (2149ms) (+5) | Gute Aktivität (26 Bewertungen) (+5) | Sehr gute Bewertung (+5) | Telefon bekannt (+5),2026-05-28,neu
Malermeister Kaun - Reiner Kaun,Maler,0511 754918,,"Große Pranke 16B, 30419 Hannover, Deutschland",http://www.maler-hannover.regional.de/,True,True,,False,3689,False,,ChIJ58YN6ElxsEcRHjpm7dMBpK0,5,5,45,Kein HTTPS (+10) | Nicht mobilfreundlich (+15) | Sehr langsam (3689ms) (+10) | Sehr gute Bewertung (+5) | Telefon bekannt (+5),2026-05-28,neu
Stylekonzept GmbH & Co.KG,Maler,0511 3970052,,"Rühmkorffstraße 13, 30163 Hannover, Deutschland",https://www.stylekonzept.com/,True,True,17,True,1784,True,25.06.2009,ChIJt279hVNzsEcRNPf7yxCC3UU,4.9,54,45,Website sehr alt (17 Jahre) (+25) | Viele Bewertungen (54) (+10) | Sehr gute Bewertung (+5) | Telefon bekannt (+5),2026-05-28,neu
Malermeister Kielhorn,Maler,0511 625770,,"Hainhölzer Str. 3, 30159 Hannover, Deutschland",http://www.malermeister-kielhorn.de/,True,False,16,False,,,06.02.2010,ChIJXcmIj6N0sEcR0-L1G42wSKc,5,2,45,Website nicht erreichbar (+35) | Sehr gute Bewertung (+5) | Telefon bekannt (+5),2026-05-28,neu
Malermeister Maximilain Templin,Maler,0172 5478622,,"Rudorffstraße 21, 30459 Hannover, Deutschland",http://www.malermeister-templin.de/,True,True,14,False,808,True,28.08.2012,ChIJzxpcwyl1sEcRUpD_r_4xwUg,5,5,45,Website sehr alt (14 Jahre) (+25) | Kein HTTPS (+10) | Sehr gute Bewertung (+5) | Telefon bekannt (+5),2026-05-28,neu
KAUROFF Malereibetrieb GmbH,Maler,0511 771222,,"Niedersachsenstraße 32B, 30853 Langenhagen, Deutschland",https://www.kauroff.de/,True,True,17,True,3681,True,01.02.2009,ChIJTyxaU_JysEcRdHnnDAzzGW4,4.8,17,45,Website sehr alt (17 Jahre) (+25) | Sehr langsam (3681ms) (+10) | Sehr gute Bewertung (+5) | Telefon bekannt (+5),2026-05-28,neu
Fliesenlegermeister M. Kutschenreuter aus Hannover,Fliesenleger,0511 3949407,,"Hebbelstraße 3, 30177 Hannover, Deutschland",http://www.fliesenleger-hannover.de/,True,True,10,False,1098,True,12.01.2016,ChIJkwBmjMg7ZUER1hhrWRWMdmw,5,16,45,Website sehr alt (10 Jahre) (+25) | Kein HTTPS (+10) | Sehr gute Bewertung (+5) | Telefon bekannt (+5),2026-05-28,neu
Fliesen-Meyer GmbH,Fliesenleger,0511 744056,,"Osterriedestraße 24, 30851 Langenhagen, Deutschland",https://www.fliesenmeyer.de/,True,True,22,True,3080,True,27.11.2004,ChIJGwqPkQFzsEcRbhopxB7WxCk,5,16,45,Website sehr alt (22 Jahre) (+25) | Sehr langsam (3080ms) (+10) | Sehr gute Bewertung (+5) | Telefon bekannt (+5),2026-05-28,neu
M A K Fliesen Tec - Hannover,Fliesenleger,05109 5633849,,"Bröhnstraße 1, 30952 Ronnenberg, Deutschland",http://www.mak-fliesentec-hannover.de/,True,True,4,False,5394,False,08.02.2022,ChIJq9t5qqufukcRApLy_qrXUt0,5,14,45,Kein HTTPS (+10) | Nicht mobilfreundlich (+15) | Sehr langsam (5394ms) (+10) | Sehr gute Bewertung (+5) | Telefon bekannt (+5),2026-05-28,neu
Fliesen Cussler GmbH & Fliesenhandel Cussler GmbH,Fliesenleger,0511 937790,,"Rotermundstraße 22, 30165 Hannover, Deutschland",https://fliesen-cussler.de/,True,True,18,True,2093,True,07.02.2008,ChIJQTdEzkJzsEcRMEeOmRg3d40,4.7,41,45,Website sehr alt (18 Jahre) (+25) | Langsam (2093ms) (+5) | Gute Aktivität (41 Bewertungen) (+5) | Sehr gute Bewertung (+5) | Telefon bekannt (+5),2026-05-28,neu
"Fliesen Malik, Paul Malik Eurokeram GmbH & Co. KG",Fliesenleger,0511 612267,,"Potsdamer Str. 12, 30916 Isernhagen, Deutschland",https://www.fliesen-malik.de/,True,True,21,True,1234,True,25.01.2005,ChIJjVN4E7INsEcRWIpsy65Ulwk,4.7,71,45,Website sehr alt (21 Jahre) (+25) | Viele Bewertungen (71) (+10) | Sehr gute Bewertung (+5) | Telefon bekannt (+5),2026-05-28,neu
Baukeramik Stefan Ziemann,Fliesenleger,0511 493530,,"Starenweg 47, 30455 Hannover, Deutschland",,False,False,,False,,,,ChIJvddEKVF0sEcRXG4WRVknF-g,4.2,10,45,Keine Website gefunden (+40) | Telefon bekannt (+5),2026-05-28,neu
Jockel und Wagner GmbH Parkett- und Bodenbelag-Meisterbetrieb GmbH,Fliesenleger,0511 660909,,"Lister Kirchweg 109, 30177 Hannover, Deutschland",https://www.bodenbautechnik.de/,True,True,13,True,1019,True,13.10.2013,ChIJbxRuh60MsEcR7tmpMZlCPAA,5,81,45,Website sehr alt (13 Jahre) (+25) | Viele Bewertungen (81) (+10) | Sehr gute Bewertung (+5) | Telefon bekannt (+5),2026-05-28,neu
Sch-lau Bau UG (haftungsbeschränkt),Fliesenleger,,,"Engelbosteler Damm 96, 30167 Hannover, Deutschland",,False,False,,False,,,,ChIJX0YUkmFzsEcR8ugyKyaOhQc,5,1,45,Keine Website gefunden (+40) | Sehr gute Bewertung (+5),2026-05-28,neu
Bleta Innenausbau,Fliesenleger,01525 4738407,,"Pappelweg 12, 31275 Lehrte, Deutschland",http://www.bleta-bau.de/,True,True,,False,4970,False,,ChIJwQTAw874ZaARdsbMKaWTjdE,5,5,45,Kein HTTPS (+10) | Nicht mobilfreundlich (+15) | Sehr langsam (4970ms) (+10) | Sehr gute Bewertung (+5) | Telefon bekannt (+5),2026-05-28,neu
A+B Fliesenleger Fachbetrieb,Fliesenleger,0176 84567157,,"Charlottenstraße 81, 30449 Hannover, Deutschland",,False,False,,False,,,,ChIJ8woYwsJ0sEcRYv8yR5uQwQI,0.0,0,45,Keine Website gefunden (+40) | Telefon bekannt (+5),2026-05-28,neu
Gebr. Kokemüller GmbH,Dachdecker,0511 858500,,"Erderstraße 36, 30451 Hannover, Deutschland",http://www.kokemueller-bedachungen.de/,True,True,14,False,1950,True,12.07.2012,ChIJJZdOxo50sEcRXGG1R4vlMgA,5,7,45,Website sehr alt (14 Jahre) (+25) | Kein HTTPS (+10) | Sehr gute Bewertung (+5) | Telefon bekannt (+5),2026-05-28,neu
"Russek-Bedachungen, Dachdeckermeisterbetrieb, Inh. Matthias Russek",Dachdecker,05101 8548088,,"Oerier Str. 4, 30982 Pattensen, Deutschland",http://www.russek-bedachungen.de/,True,True,10,False,1040,True,06.02.2016,ChIJ5Z_PwYyfukcRbdJ3YiXbip8,5,17,45,Website sehr alt (10 Jahre) (+25) | Kein HTTPS (+10) | Sehr gute Bewertung (+5) | Telefon bekannt (+5),2026-05-28,neu
Hahn Bedachungen GmbH,Dachdecker,0511 481491,,"Albert-Einstein-Straße 11, 30926 Seelze, Deutschland",http://www.hahn-bedachungen.de/,True,True,22,False,1905,True,09.12.2004,ChIJWZpfNah2sEcRN8W_YEEutP4,5,10,45,Website sehr alt (22 Jahre) (+25) | Kein HTTPS (+10) | Sehr gute Bewertung (+5) | Telefon bekannt (+5),2026-05-28,neu
Mathias Lassak,Dachdecker,0511 493999,,"Feldspatweg 9, 30455 Hannover, Deutschland",http://www.lassak-bedachungen.de/,True,True,11,False,2448,True,22.08.2015,ChIJ37ReNKM5ZUERlZ5x6KXMYHE,4.3,11,45,Website sehr alt (11 Jahre) (+25) | Kein HTTPS (+10) | Langsam (2448ms) (+5) | Telefon bekannt (+5),2026-05-28,neu
Christiansen Bedachungen,Dachdecker,05137 8142111,,"Alte Ricklinger Str. 12 A, 30823 Garbsen, Deutschland",http://www.dachdecker-garbsen-christiansen.de/,True,False,,False,,,,ChIJM6-kdtxwsEcRgdK75WMjJhY,4.8,12,45,Website nicht erreichbar (+35) | Sehr gute Bewertung (+5) | Telefon bekannt (+5),2026-05-28,neu
Andreas Fox GmbH,Dachdecker,0511 782633,,"Alt-Engelbostel 66, 30855 Langenhagen, Deutschland",http://fox-bedachungen.de/,True,True,,False,5326,False,,ChIJH4ZT8ohxsEcRoNhfXV3mUdc,3.9,40,45,Kein HTTPS (+10) | Nicht mobilfreundlich (+15) | Sehr langsam (5326ms) (+10) | Gute Aktivität (40 Bewertungen) (+5) | Telefon bekannt (+5),2026-05-28,neu
K.-H. Wöckener GmbH,Dachdecker,0511 836050,,"Thuler Weg 9, 30519 Hannover, Deutschland",,False,False,,False,,,,ChIJu2CiUQQLsEcRXv1frv_GGG8,3.8,5,45,Keine Website gefunden (+40) | Telefon bekannt (+5),2026-05-28,neu
Firma Richter,Dachdecker,,,"Liebrechtstraße 5, 30559 Hannover, Deutschland",,False,False,,False,,,,ChIJv6FfiHILsEcRIN8XtVny2U0,5,2,45,Keine Website gefunden (+40) | Sehr gute Bewertung (+5),2026-05-28,neu
AZ Industriebedachung GmbH & Co. KG,Dachdecker,0171 1488214,,"Merkurstraße 1d, 30419 Hannover, Deutschland",https://www.az-industriebedachungen.de/,True,False,21,True,,,23.01.2005,ChIJZTN3RA9xsEcR60EMR9idnDg,5,1,45,Website nicht erreichbar (+35) | Sehr gute Bewertung (+5) | Telefon bekannt (+5),2026-05-28,neu
Michael Edelmann Massmöbel & mehr,Schreiner,0511 21907881,,"Lichtenbergpl. 3, 30449 Hannover, Deutschland",http://www.massname.de/,True,True,,False,4238,False,,ChIJH-WOGZZ0sEcRrjRsKZSTJqw,5,2,45,Kein HTTPS (+10) | Nicht mobilfreundlich (+15) | Sehr langsam (4238ms) (+10) | Sehr gute Bewertung (+5) | Telefon bekannt (+5),2026-05-28,neu
Drechslerei & Tischlerei Friedrich Schrader,Schreiner,01523 1877250,,"Eckerstraße 13, 30161 Hannover, Deutschland",,False,False,,False,,,,ChIJL6vV2E91sEcRoNo0Gnts8i0,3.7,3,45,Keine Website gefunden (+40) | Telefon bekannt (+5),2026-05-28,neu
SCHMALENBERG feine Holzarbeiten,Schreiner,0174 6923526,,"im Ökologischen Gewerbehof, Zur Bettfedernfabrik 1/HALLE 14, 30451 Hannover, Deutschland",,False,False,,False,,,,ChIJQw4ZJ0yXukcR2FR1BYgvngo,0.0,0,45,Keine Website gefunden (+40) | Telefon bekannt (+5),2026-05-28,neu
Böker Bestattungen & Tischlerei,Schreiner,0511 421717,,"Beekestraße 66, 30459 Hannover, Deutschland",http://www.boeker-hannover.de/,True,True,13,False,1739,True,18.05.2013,ChIJvyDJiih1sEcRSdF_uojYjXY,4.7,14,45,Website sehr alt (13 Jahre) (+25) | Kein HTTPS (+10) | Sehr gute Bewertung (+5) | Telefon bekannt (+5),2026-05-28,neu
Bau- und Möbeltischlerei Temps Inh. Markus Temps,Schreiner,05109 2478,,"Huhestraße 4, 30952 Ronnenberg, Deutschland",http://www.tischlerei-temps.de/,True,True,21,False,1674,True,22.01.2005,ChIJ-wYJNDyeukcRuOckFr9HmAs,5,11,45,Website sehr alt (21 Jahre) (+25) | Kein HTTPS (+10) | Sehr gute Bewertung (+5) | Telefon bekannt (+5),2026-05-28,neu
Tischlerei Sprus,Schreiner,05136 7676,,"Ostlandring 15, 31303 Burgdorf, Deutschland",https://sellwerk.de/firmenprofil/tischlerei-sprus,True,False,10,True,,,13.03.2016,ChIJNSUfctcFsEcRE0qgRQBDKdI,4.6,9,45,Website nicht erreichbar (+35) | Sehr gute Bewertung (+5) | Telefon bekannt (+5),2026-05-28,neu
Verband des Tischlerhandwerks Niedersachsen/Bremen - Landesinnungsverband,Schreiner,0511 6270750,,"Baumschulenallee 12, 30625 Hannover, Deutschland",,False,False,,False,,,,ChIJgRat5X85ZUERoneS2qsqR6Q,4.3,3,45,Keine Website gefunden (+40) | Telefon bekannt (+5),2026-05-28,neu
Stegmann GunnarTischlermeister,Schreiner,0511 583439,,"Zur Hindenburgschleuse 15, 30559 Hannover, Deutschland",,False,False,,False,,,,ChIJhf8ozOILsEcRrJxHkQm_Vkc,0.0,0,45,Keine Website gefunden (+40) | Telefon bekannt (+5),2026-05-28,neu
Dietrich Daniel Tischlermeister,Schreiner,05035 1880082,,"Badenstedter Str. 46, 30453 Hannover, Deutschland",http://www.tischlerei-daniel-dietrich.de/,True,True,5,False,700,False,23.12.2021,ChIJ00XIxfN0sEcRDPiJLidroB0,0.0,0,45,Website veraltet (5 Jahre) (+15) | Kein HTTPS (+10) | Nicht mobilfreundlich (+15) | Telefon bekannt (+5),2026-05-28,neu
"Aktherm Vater & Sohn , Sanitär-Heizung-Klima-Solar-Meisterbetrieb",Heizungsbauer,0163 0818793,,"Bremer Str. 7, 30880 Laatzen, Deutschland",http://www.aktherm-sh.de/,True,True,5,False,675,True,24.01.2021,ChIJ8VqXioyhukcRwDukwrHk_lg,5,59,45,Website veraltet (5 Jahre) (+15) | Kein HTTPS (+10) | Viele Bewertungen (59) (+10) | Sehr gute Bewertung (+5) | Telefon bekannt (+5),2026-05-28,neu
Sascha Buchner Sanitär und Heizung,Heizungsbauer,0511 3946870,,"Podbielskistraße 49, 30177 Hannover, Deutschland",https://www.sanitaer-buchner.de/,True,False,,True,,,,ChIJ61zwN1NzsEcRvXng-6b-iew,4,34,45,Website nicht erreichbar (+35) | Gute Aktivität (34 Bewertungen) (+5) | Telefon bekannt (+5),2026-05-28,neu
Krosky Heizung-Lüftung & Sanitär GmbH,Heizungsbauer,0511 4755990,,"Limmerstraße 73, 30451 Hannover, Deutschland",http://www.krosky-gmbh.de/,True,True,10,False,643,True,13.03.2016,ChIJyfbQych1sEcR6ZH9FLvi41c,5,3,45,Website sehr alt (10 Jahre) (+25) | Kein HTTPS (+10) | Sehr gute Bewertung (+5) | Telefon bekannt (+5),2026-05-28,neu
Hagemann & Sohn,Heizungsbauer,0511 621811,,"Steinmetzstraße 9, 30163 Hannover, Deutschland",http://www.shk-hagemann.de/,True,True,21,False,1631,True,08.02.2005,ChIJS0j_eVpzsEcRNBOxKMHyRUY,4.1,25,45,Website sehr alt (21 Jahre) (+25) | Kein HTTPS (+10) | Gute Aktivität (25 Bewertungen) (+5) | Telefon bekannt (+5),2026-05-28,neu
SHK-Life Meisterbetrieb für Sanitär- Heizung-Klima,Heizungsbauer,0176 32252084,,"Schulenburger Landstraße 50, 30165 Hannover, Deutschland",http://www-shk-life.com/,True,False,,False,,,,ChIJB7O2p_5zsEcRKmOPyzBbG8U,5,6,45,Website nicht erreichbar (+35) | Sehr gute Bewertung (+5) | Telefon bekannt (+5),2026-05-28,neu
Sanify GmbH - Sanitär & Heizung,Heizungsbauer,0511 12269265,,"Wunstorfer Str. 71a, 30453 Hannover, Deutschland",http://www.sanify-shk.de/,True,False,5,False,,,23.12.2021,ChIJD-oapEZ1sEcRA5DyojzM6xU,4.8,13,45,Website nicht erreichbar (+35) | Sehr gute Bewertung (+5) | Telefon bekannt (+5),2026-05-28,neu
Bad-Studio Geibelstraße GmbH,Heizungsbauer,0511 800116,,"Geibelstraße 35, 30173 Hannover, Deutschland",https://badstudio-geibelstrasse.de/,True,True,21,True,1592,True,22.01.2005,ChIJtwl9vjYLsEcReW-lmAzLKuQ,4.5,56,45,Website sehr alt (21 Jahre) (+25) | Viele Bewertungen (56) (+10) | Sehr gute Bewertung (+5) | Telefon bekannt (+5),2026-05-28,neu
Hartzsch Sanitär- und Heizungstechnik GmbH,Sanitär,0511 635034,,"Niederaue 20, 30419 Hannover, Deutschland",https://www.hartzschgmbh.de/,True,True,24,True,2585,True,26.05.2002,ChIJYXphJApzsEcRkf8wdT9pInY,4.6,23,45,Website sehr alt (24 Jahre) (+25) | Langsam (2585ms) (+5) | Gute Aktivität (23 Bewertungen) (+5) | Sehr gute Bewertung (+5) | Telefon bekannt (+5),2026-05-28,neu
Bad-Studio Geibelstraße GmbH,Sanitär,0511 800116,,"Geibelstraße 35, 30173 Hannover, Deutschland",https://badstudio-geibelstrasse.de/,True,True,21,True,1617,True,22.01.2005,ChIJtwl9vjYLsEcReW-lmAzLKuQ,4.5,56,45,Website sehr alt (21 Jahre) (+25) | Viele Bewertungen (56) (+10) | Sehr gute Bewertung (+5) | Telefon bekannt (+5),2026-05-28,neu
Sascha Buchner Sanitär und Heizung,Sanitär,0511 3946870,,"Podbielskistraße 49, 30177 Hannover, Deutschland",https://www.sanitaer-buchner.de/,True,False,,True,,,,ChIJ61zwN1NzsEcRvXng-6b-iew,4,34,45,Website nicht erreichbar (+35) | Gute Aktivität (34 Bewertungen) (+5) | Telefon bekannt (+5),2026-05-28,neu
Hengst & Sohn Badsanierung Hannover,Sanitär,0511 883402,,"Sallstraße 83, 30171 Hannover, Deutschland",http://www.der-bademeister.com/,True,True,,False,4350,False,,ChIJQ2D-DzoLsEcRpzCCCrSn9pY,5,1,45,Kein HTTPS (+10) | Nicht mobilfreundlich (+15) | Sehr langsam (4350ms) (+10) | Sehr gute Bewertung (+5) | Telefon bekannt (+5),2026-05-28,neu
Springmann-Haustechnik,Sanitär,0511 884044,,"Heuerstraße 18, 30519 Hannover, Deutschland",http://www.springmann-haustechnik.de/,True,True,,False,4069,False,,ChIJRUdSVDILsEcReOnmeii-TuM,4.3,30,45,Kein HTTPS (+10) | Nicht mobilfreundlich (+15) | Sehr langsam (4069ms) (+10) | Gute Aktivität (30 Bewertungen) (+5) | Telefon bekannt (+5),2026-05-28,neu
Sanify GmbH - Sanitär & Heizung,Sanitär,0511 12269265,,"Wunstorfer Str. 71a, 30453 Hannover, Deutschland",http://www.sanify-shk.de/,True,False,5,False,,,23.12.2021,ChIJD-oapEZ1sEcRA5DyojzM6xU,4.8,13,45,Website nicht erreichbar (+35) | Sehr gute Bewertung (+5) | Telefon bekannt (+5),2026-05-28,neu
SHK-Life Meisterbetrieb für Sanitär- Heizung-Klima,Sanitär,0176 32252084,,"Schulenburger Landstraße 50, 30165 Hannover, Deutschland",http://www-shk-life.com/,True,False,,False,,,,ChIJB7O2p_5zsEcRKmOPyzBbG8U,5,6,45,Website nicht erreichbar (+35) | Sehr gute Bewertung (+5) | Telefon bekannt (+5),2026-05-28,neu
TarnoBau,Trockenbau,01573 2342204,,"Alte Stöckener Str. 28, 30419 Hannover, Deutschland",https://www.tarno-bau.de/,True,False,,True,,,,ChIJySzlBptzsEcRrmtbdW1xM0A,5,1,45,Website nicht erreichbar (+35) | Sehr gute Bewertung (+5) | Telefon bekannt (+5),2026-05-28,neu
Z&M Bau,Trockenbau,01525 4621403,,"Hogrefestraße 21, 30419 Hannover, Deutschland",https://zm-bau.com/,True,False,,True,,,,ChIJAQ31su1zsEcR6dLImDnnSSE,5,5,45,Website nicht erreichbar (+35) | Sehr gute Bewertung (+5) | Telefon bekannt (+5),2026-05-28,neu
NH Akustik & Trockenbau,Trockenbau,0179 4892690,,"Lenzbergweg 58, 30519 Hannover, Deutschland",,False,False,,False,,,,ChIJE6BAd94KsEcRqxIRTmN0JkA,0.0,0,45,Keine Website gefunden (+40) | Telefon bekannt (+5),2026-05-28,neu
Schadenfix24,Trockenbau,0173 9428016,,"Engelbosteler Damm 74, 30167 Hannover, Deutschland",https://www.schadenfix24.de/?utm_source=google&utm_medium=wix_google_business_profile&utm_campaign=15365432977944331927,True,False,,True,,,,ChIJuwBtDxg44K0RdUBCSHJvGAs,5,18,45,Website nicht erreichbar (+35) | Sehr gute Bewertung (+5) | Telefon bekannt (+5),2026-05-28,neu
PENKALLA KG Akustik und Trockenbau,Trockenbau,0170 2118459,,"Adolf-Emmelmann-Straße 41, 30659 Hannover, Deutschland",,False,False,,False,,,,ChIJiSvHje4MsEcRAc_xZS3BB2g,0.0,0,45,Keine Website gefunden (+40) | Telefon bekannt (+5),2026-05-28,neu
Zein Trockenbau Abbrucharbeiten & Transport,Trockenbau,,,"An d. Tiefenriede 4, 30173 Hannover, Deutschland",,False,False,,False,,,,ChIJ63sANDcLsEcRVuQG-j-F430,5,1,45,Keine Website gefunden (+40) | Sehr gute Bewertung (+5),2026-05-28,neu
Viva Akustik,Trockenbau,0511 47556339,,"Schlägerstraße 29, 30171 Hannover, Deutschland",http://www.viva-akustik.de/,True,True,,False,4041,False,,ChIJO9bvSnN1sEcRnhUnqFguHT0,5,4,45,Kein HTTPS (+10) | Nicht mobilfreundlich (+15) | Sehr langsam (4041ms) (+10) | Sehr gute Bewertung (+5) | Telefon bekannt (+5),2026-05-28,neu
Tahiri-Trockenbau,Trockenbau,0511 43824401,,"Nenndorfer Ch 18, 30453 Hannover, Deutschland",,False,False,,False,,,,ChIJI9-8ixB1sEcRxDkCIA71K68,0.0,0,45,Keine Website gefunden (+40) | Telefon bekannt (+5),2026-05-28,neu
Abbas Trockenbau,Trockenbau,0162 9283101,,"Weizenfeldstraße 11, 30419 Hannover, Deutschland",,False,False,,False,,,,ChIJkSNurF9zsEcRfsTLR7GA4Ro,0.0,0,45,Keine Website gefunden (+40) | Telefon bekannt (+5),2026-05-28,neu
OBI Türen und Fenster im Markt Hannover-Linden,Fenster und Türen,0511 353570,,"Elfriede-Paul-Allee 15, 30449 Hannover, Deutschland",https://www.obi.de/markt/hannover-linden/tueren-fenster?wt__mc=gp.de447_Hannover-Linden%E2%80%A6,True,False,,True,,,,ChIJQYNtKHV1sEcR7sRRPGC--lE,5,1,45,Website nicht erreichbar (+35) | Sehr gute Bewertung (+5) | Telefon bekannt (+5),2026-05-28,neu
MAK Fenster & Türen,Fenster und Türen,0172 2645963,,"Vahrenwalder Str. 195b, 30165 Hannover, Deutschland",https://www.mak-fensterbau.de/,True,False,,True,,,,ChIJdT8Ln51zsEcR0OF39H4JkWQ,5,7,45,Website nicht erreichbar (+35) | Sehr gute Bewertung (+5) | Telefon bekannt (+5),2026-05-28,neu
FAKRO Dachfenster GmbH,Fenster und Türen,0511 2609670,,"Plathnerstraße 5A, 30175 Hannover, Deutschland",http://www.fakro.de/,True,False,,False,,,,ChIJwzgtQ04LsEcRtIz8pp53eew,3.3,31,45,Website nicht erreichbar (+35) | Gute Aktivität (31 Bewertungen) (+5) | Telefon bekannt (+5),2026-05-28,neu
Glaserei Nolting GmbH,Fenster und Türen,0511 863601,,"Ahornstraße 1, 30519 Hannover, Deutschland",http://glaserei-nolting.de/,True,True,,False,3920,False,,ChIJG5A5y_gKsEcRyDonEzkOL9I,4.2,23,45,Kein HTTPS (+10) | Nicht mobilfreundlich (+15) | Sehr langsam (3920ms) (+10) | Gute Aktivität (23 Bewertungen) (+5) | Telefon bekannt (+5),2026-05-28,neu
Elona- Garten und Landschaftsbau,Gartenbau,01515 9014031,,"Großkopfstraße 11, 30449 Hannover, Deutschland",https://www.elonagartenbau.de/,True,False,,True,,,,ChIJUTqMhJp1sEcRvKlxPUg0Sd4,5,2,45,Website nicht erreichbar (+35) | Sehr gute Bewertung (+5) | Telefon bekannt (+5),2026-05-28,neu
Wicke Garten & Landschaftsbau Hannover,Gartenbau,0511 2349740,,"Hagenbleckstr. 31 (Büro 30455 Hannover (Betriebshof: Hansastr. in, 30952 Ronnenberg, Deutschland",,False,False,,False,,,,ChIJ0RA-Mx51sEcR1IDJDYt3r60,0.0,0,45,Keine Website gefunden (+40) | Telefon bekannt (+5),2026-05-28,neu
Roj Garten und Landschaftsbau,Gartenbau,0160 95948022,,"Otto-Ehrhardt-Straße 21, 30823 Garbsen, Deutschland",http://roj-gartenbau.de/,True,True,,False,4467,False,,ChIJj9oewxhxsEcRCQ54y2h_wII,4.9,15,45,Kein HTTPS (+10) | Nicht mobilfreundlich (+15) | Sehr langsam (4467ms) (+10) | Sehr gute Bewertung (+5) | Telefon bekannt (+5),2026-05-28,neu
OBI Gartenplaner Hannover-Linden,Gartenbau,0511 353570,,"Elfriede-Paul-Allee 15, 30449 Hannover, Deutschland",https://www.obi.de/markt/hannover-linden/gartenplaner?wt__mc=gp.de447_Hannover-Linden%E2%80%A6,True,False,,True,,,,ChIJ71Q9JXV1sEcRtYMW9IsqdGs,5,4,45,Website nicht erreichbar (+35) | Sehr gute Bewertung (+5) | Telefon bekannt (+5),2026-05-28,neu
Garten & Landschaftsbau Friedrich,Gartenbau,,,"Göttinger Ch 76A, 30453 Hannover, Deutschland",,False,False,,False,,,,ChIJPXwbAQB1sEcRZuFYOBCRQVA,5,2,45,Keine Website gefunden (+40) | Sehr gute Bewertung (+5),2026-05-28,neu
Wolter Garten - und Landschaftsbau GmbH,Gartenbau,0511 461918,,"Ringstraße 20, 30457 Hannover, Deutschland",,False,False,,False,,,,ChIJQZAaDG11sEcRTcbJWW77neA,3.9,7,45,Keine Website gefunden (+40) | Telefon bekannt (+5),2026-05-28,neu
PutzMax Gebäudereinigung Hannover Reinigungsfirma Hannover Büroreinigung,Reinigungsfirma,030 692097937,,"Schmiedestraße 13, 30159 Hannover, Deutschland",https://www.gebäudereinigunghannover.de/,True,False,,True,,,,ChIJ3Y8rEAB1sEcRCZp2T71Af4w,5,13,45,Website nicht erreichbar (+35) | Sehr gute Bewertung (+5) | Telefon bekannt (+5),2026-05-28,neu
Selma Clean,Reinigungsfirma,0179 4209861,,"Zwickauer Str. 12, 30179 Hannover, Deutschland",https://www.selma-clean.de/,True,False,,True,,,,ChIJY8SoQFZzsEcRvQdQKg-LlPk,5,3,45,Website nicht erreichbar (+35) | Sehr gute Bewertung (+5) | Telefon bekannt (+5),2026-05-28,neu
M&R Reinigung Service Hannover,Reinigungsfirma,0176 89093295,,"Hornemannweg 2, 30167 Hannover, Deutschland",https://mr-reinigung-service.de/,True,False,,True,,,,ChIJq8JT302JgWARyzEj7IrkQus,5,13,45,Website nicht erreichbar (+35) | Sehr gute Bewertung (+5) | Telefon bekannt (+5),2026-05-28,neu
Clean-it-Narin Glas und Gebäudereinigung‎,Reinigungsfirma,0511 33730255,,"Albert-Einstein-Straße 10, 30926 Seelze, Deutschland",http://www.clean-it-narin.de/,True,True,,False,4164,False,,ChIJ43tTztgKsEcR6AJINo0iBLs,5,15,45,Kein HTTPS (+10) | Nicht mobilfreundlich (+15) | Sehr langsam (4164ms) (+10) | Sehr gute Bewertung (+5) | Telefon bekannt (+5),2026-05-28,neu
City Schlüsseldienst Hannover GmbH,Schlüsseldienst,0511 3534600,,"Marktstraße 40, 30159 Hannover, Deutschland",http://city-schluesseldienst-hannover.de/,True,True,,False,766,False,,ChIJdxBQI7d0sEcR1QnTSARdmPA,4.8,61,45,Kein HTTPS (+10) | Nicht mobilfreundlich (+15) | Viele Bewertungen (61) (+10) | Sehr gute Bewertung (+5) | Telefon bekannt (+5),2026-05-28,neu
Kirchröder Schlüsseldienst,Schlüsseldienst,0511 521527,,"Großer Hillen 11, 30559 Hannover, Deutschland",http://www.kirchroeder-schluesseldienst.de/,True,True,,False,1756,False,,ChIJ0VpUeZYLsEcRIqaO-X7bWW4,4.8,79,45,Kein HTTPS (+10) | Nicht mobilfreundlich (+15) | Viele Bewertungen (79) (+10) | Sehr gute Bewertung (+5) | Telefon bekannt (+5),2026-05-28,neu
Martin Seffers Sicherheitstechnik & Service,Schlüsseldienst,0511 70817393,,"Gerhart-Hauptmann-Straße 52, 30629 Hannover, Deutschland",http://schluesseldienst-hannover-seffers.de/,True,True,,False,2153,False,,ChIJ9wIIdWYMsEcRvRCNZJunzJI,5,31,45,Kein HTTPS (+10) | Nicht mobilfreundlich (+15) | Langsam (2153ms) (+5) | Gute Aktivität (31 Bewertungen) (+5) | Sehr gute Bewertung (+5) | Telefon bekannt (+5),2026-05-28,neu
Schlüsseldienst Südstadt,Schlüsseldienst,0511 285980,,"Marienstraße 71, 30171 Hannover, Deutschland",,False,False,,False,,,,ChIJsdZtm04LsEcRA0VGuDln8RM,0.0,0,45,Keine Website gefunden (+40) | Telefon bekannt (+5),2026-05-28,neu
Autoschlüsseldienst Hannover,Schlüsseldienst,0511 37005856,,"Ikarusallee 20, 30179 Hannover, Deutschland",https://autoschlüsseldienst-hannover.de/,True,False,,True,,,,ChIJdVtnCsl1sEcRM8a8SQ0rq4c,5,1,45,Website nicht erreichbar (+35) | Sehr gute Bewertung (+5) | Telefon bekannt (+5),2026-05-28,neu
Schuh- und Schlüsseldienst Saladauskas,Schlüsseldienst,0511 441775,,"Stephanusstraße 15, 30449 Hannover, Deutschland",,False,False,,False,,,,ChIJPaNB9Bx1sEcRQhaYFlaRS8k,4.1,9,45,Keine Website gefunden (+40) | Telefon bekannt (+5),2026-05-28,neu
Schuhreparatur & Schlüsselservice W. Kozlenko,Schlüsseldienst,0511 7011174,,"Fliederstraße 4A, 30167 Hannover, Deutschland",,False,False,,False,,,,ChIJE-D4O5B1sEcRbMoBH5k7umk,4.3,17,45,Keine Website gefunden (+40) | Telefon bekannt (+5),2026-05-28,neu
Sprint Schuh- und Schlüsseldienst,Schlüsseldienst,0511 96769006,,"im A2 Center, Opelstraße 3 - 5, 30916 Isernhagen, Deutschland",http://www.sprint-service.de/,True,True,,False,633,False,,ChIJmSE7vawNsEcRcUF7MJqVvBo,4.6,59,45,Kein HTTPS (+10) | Nicht mobilfreundlich (+15) | Viele Bewertungen (59) (+10) | Sehr gute Bewertung (+5) | Telefon bekannt (+5),2026-05-28,neu
Haus für Sicherheit - KÜHN Sicherheit GmbH,Schlüsseldienst,0511 321820,,"Osterstraße 28, 30159 Hannover, Deutschland",http://www.hfs-hannover.de/,True,True,,False,2072,False,,ChIJqXao0LB0sEcRC8YqoZZyiqQ,4.6,42,45,Kein HTTPS (+10) | Nicht mobilfreundlich (+15) | Langsam (2072ms) (+5) | Gute Aktivität (42 Bewertungen) (+5) | Sehr gute Bewertung (+5) | Telefon bekannt (+5),2026-05-28,neu
TOPY Schuh + Schlüsselservice,Schlüsseldienst,,,"Voßstraße 63, 30163 Hannover, Deutschland",,False,False,,False,,,,ChIJNXOiy1BzsEcRFUiBz22aBak,5,7,45,Keine Website gefunden (+40) | Sehr gute Bewertung (+5),2026-05-28,neu
Rüdiger Neumann,Schlüsseldienst,0511 669220,,"Voßstraße 25, 30161 Hannover, Deutschland",,False,False,,False,,,,ChIJ885XL1hzsEcR5-DzIXh5-0w,4.2,10,45,Keine Website gefunden (+40) | Telefon bekannt (+5),2026-05-28,neu
Elektro Rieger GmbH,Elektriker,0511 7853305,,"Nürnberger Str. 8, 30855 Langenhagen, Deutschland",https://www.elektro-rieger.de/,True,True,22,True,1466,True,29.11.2004,ChIJBfbF2jZysEcRpzfmpcla8D4,4.9,32,40,Website sehr alt (22 Jahre) (+25) | Gute Aktivität (32 Bewertungen) (+5) | Sehr gute Bewertung (+5) | Telefon bekannt (+5),2026-05-28,neu
Ehrhard Großmann Sanitär- und Heizungstechnik GmbH,Klempner,0511 6799670,,"Eckenerstraße 11, 30179 Hannover, Deutschland",https://www.grossmann-gmbh.de/,True,True,21,True,1427,True,28.01.2005,ChIJXUO1TyNzsEcRIb2jP4qGpSU,4.6,38,40,Website sehr alt (21 Jahre) (+25) | Gute Aktivität (38 Bewertungen) (+5) | Sehr gute Bewertung (+5) | Telefon bekannt (+5),2026-05-28,neu
Ahrens Sanitärtechnik und Gasheizungen GmbH,Klempner,0511 862450,,"Hildesheimer Str. 24, 30880 Laatzen, Deutschland",https://www.ahrens-laatzen.de/,True,True,15,True,1911,True,20.01.2011,ChIJGc6UJ_UKsEcRnRX2Dv20-9A,4.6,32,40,Website sehr alt (15 Jahre) (+25) | Gute Aktivität (32 Bewertungen) (+5) | Sehr gute Bewertung (+5) | Telefon bekannt (+5),2026-05-28,neu
C. A. S. A. Haustechnik,Klempner,0511 5420101,,"Sutelstraße 60, 30659 Hannover, Deutschland",http://www.casa-haustechnik.de/,True,True,,False,4183,False,,ChIJVTyd1ZIMsEcRNcTnIslUMes,3.8,17,40,Kein HTTPS (+10) | Nicht mobilfreundlich (+15) | Sehr langsam (4183ms) (+10) | Telefon bekannt (+5),2026-05-28,neu
Wilhelm Krug Sanitäre Anlagen und Gasheizungen e.K.,Installateur,0511 341087,,"Leonhardtstraße 1, 30175 Hannover, Deutschland",https://www.krug-haustechnik.com/,True,True,8,True,1801,True,28.11.2018,ChIJkfbJpa10sEcReOXPRXOxak4,4.6,27,40,Website sehr alt (8 Jahre) (+25) | Gute Aktivität (27 Bewertungen) (+5) | Sehr gute Bewertung (+5) | Telefon bekannt (+5),2026-05-28,neu
Ehrhard Großmann Sanitär- und Heizungstechnik GmbH,Installateur,0511 6799670,,"Eckenerstraße 11, 30179 Hannover, Deutschland",https://www.grossmann-gmbh.de/,True,True,21,True,1367,True,28.01.2005,ChIJXUO1TyNzsEcRIb2jP4qGpSU,4.6,38,40,Website sehr alt (21 Jahre) (+25) | Gute Aktivität (38 Bewertungen) (+5) | Sehr gute Bewertung (+5) | Telefon bekannt (+5),2026-05-28,neu
Borrmann GmbH & Co. KG,Maler,0511 529860,,"Alte Bemeroder Str. 123 a, 30539 Hannover, Deutschland",https://www.borrmann-malermeister-hannover.de/,True,False,5,True,,,27.09.2021,ChIJjVLIF7YLsEcRWMQgvp742NU,4.3,6,40,Website nicht erreichbar (+35) | Telefon bekannt (+5),2026-05-28,neu
Dr. Gustav Schädla GmbH & Co. KG,Maler,0511 699094,,"Cranachstraße 3, 30177 Hannover, Deutschland",http://www.schaedla-beton.de/,True,True,7,False,4053,True,19.07.2019,ChIJlzrNBa4MsEcRbvVbf1CYlu8,4.4,11,40,Website veraltet (7 Jahre) (+15) | Kein HTTPS (+10) | Sehr langsam (4053ms) (+10) | Telefon bekannt (+5),2026-05-28,neu
1a Fassadenrenovierung,Maler,0511 91160841,,"Podbielskistraße 333, 30659 Hannover, Deutschland",https://www.1afassadenrenovierung.de/?utm_source=GooglePlaces,True,True,11,True,2800,True,13.03.2015,ChIJaY9lhhVssEcRBWLG0QTaUTk,4.9,8,40,Website sehr alt (11 Jahre) (+25) | Langsam (2800ms) (+5) | Sehr gute Bewertung (+5) | Telefon bekannt (+5),2026-05-28,neu
Fliesen-Profi Kafexholli,Fliesenleger,0511 9781616,,"Berliner Allee 35, 30855 Langenhagen, Deutschland",https://www.fliesenprofi-kafexholli.de/,True,True,10,True,1187,True,05.03.2016,ChIJ80YaULVzsEcRyo6HYg75lxc,5,27,40,Website sehr alt (10 Jahre) (+25) | Gute Aktivität (27 Bewertungen) (+5) | Sehr gute Bewertung (+5) | Telefon bekannt (+5),2026-05-28,neu
Fliesenleger - Fliesen Schröers,Fliesenleger,0511 2108997,,"Am Listholze 50, 30177 Hannover, Deutschland",https://fliesenlegerhannover.com/,True,True,8,True,3631,True,24.08.2018,ChIJ8_nAUK0MsEcRXvVBZNjtae0,4.3,11,40,Website sehr alt (8 Jahre) (+25) | Sehr langsam (3631ms) (+10) | Telefon bekannt (+5),2026-05-28,neu
Dachreinigung Hannover,Dachdecker,0178 4292470,,"Stargarder Weg 25, 30659 Hannover, Deutschland",https://hannover-dach.de/,True,True,19,True,2761,True,20.05.2007,ChIJlej4af9HZUERiLnJdl7fVfs,4.9,7,40,Website sehr alt (19 Jahre) (+25) | Langsam (2761ms) (+5) | Sehr gute Bewertung (+5) | Telefon bekannt (+5),2026-05-28,neu
Hannover Dachbau GmbH,Dachdecker,0511 69600390,,"Potsdamer Str. 1, 30916 Isernhagen, Deutschland",https://www.hannover-dachbau.de/,True,True,7,True,3282,True,22.07.2019,ChIJXWT4TbwNsEcRNTepR4zgkpA,5,20,40,Website veraltet (7 Jahre) (+15) | Sehr langsam (3282ms) (+10) | Gute Aktivität (20 Bewertungen) (+5) | Sehr gute Bewertung (+5) | Telefon bekannt (+5),2026-05-28,neu
Globke GmbH & Co. KG,Dachdecker,0511 650757,,"Podbielskistraße 358, 30659 Hannover, Deutschland",https://www.dachdecker-globke.de/,True,False,,True,,,,ChIJn2FV1Ls7ZUERTNL9tdpJ1SA,4,8,40,Website nicht erreichbar (+35) | Telefon bekannt (+5),2026-05-28,neu
Dachdeckerei Guido Langhammer,Dachdecker,0511 5499231,,"Lister Damm 19, 30163 Hannover, Deutschland",https://guidolanghammer.de/,True,True,13,True,5412,True,06.05.2013,ChIJObL4y01zsEcRGY7gxaGPvN8,3.6,7,40,Website sehr alt (13 Jahre) (+25) | Sehr langsam (5412ms) (+10) | Telefon bekannt (+5),2026-05-28,neu
Seidler Bedachungen e.K.,Dachdecker,0511 834312,,"Eupener Str. 31, 30519 Hannover, Deutschland",https://seidlerbedachungen.de/,True,True,15,True,4171,True,07.02.2011,ChIJ3VVCfQMLsEcRJiI8AAgPj5A,4.2,5,40,Website sehr alt (15 Jahre) (+25) | Sehr langsam (4171ms) (+10) | Telefon bekannt (+5),2026-05-28,neu
Adolf Dachdecker,Dachdecker,01512 3574130,,"Lohmeyerhof 1, 30459 Hannover, Deutschland",https://www.adolf-dachdecker.de/,True,False,,True,,,,ChIJIzZK5Mt1sEcR7NEMhvPJhdg,0.0,0,40,Website nicht erreichbar (+35) | Telefon bekannt (+5),2026-05-28,neu
Tischlerei Grohs,Schreiner,0172 4284941,,"Badenstedter Str. 60, 30453 Hannover, Deutschland",https://www.tischlerei-grohs.de/,True,True,21,True,2852,True,07.01.2005,ChIJ061dVfZ0sEcRoUVvNQnIYoQ,5,18,40,Website sehr alt (21 Jahre) (+25) | Langsam (2852ms) (+5) | Sehr gute Bewertung (+5) | Telefon bekannt (+5),2026-05-28,neu
Holz & Handwerk GmbH,Schreiner,0511 640110,,"Sutelstraße 16, 30659 Hannover, Deutschland",https://www.holz-und-handwerk-hannover.de/,True,True,19,True,1434,True,19.10.2007,ChIJ7XTg4OgMsEcREKCyPJf_YCM,4.6,29,40,Website sehr alt (19 Jahre) (+25) | Gute Aktivität (29 Bewertungen) (+5) | Sehr gute Bewertung (+5) | Telefon bekannt (+5),2026-05-28,neu
Tischlerei Bohne,Schreiner,0511 774544,,"Walsroder Str. 332, 30855 Langenhagen, Deutschland",http://www.tischlerei-bohne.de/,True,True,,False,4590,True,,ChIJd5m8_oNysEcRh-8tJGHCCZs,5,60,40,Kein HTTPS (+10) | Sehr langsam (4590ms) (+10) | Viele Bewertungen (60) (+10) | Sehr gute Bewertung (+5) | Telefon bekannt (+5),2026-05-28,neu
Michael Lange,Schreiner,0511 709404,,"Rehbockstraße 20, 30167 Hannover, Deutschland",https://www.hannoversche-tischlerei.de/,True,True,8,True,3276,True,27.08.2018,ChIJSdxMw510sEcRo36z6GQ5TdM,3.7,6,40,Website sehr alt (8 Jahre) (+25) | Sehr langsam (3276ms) (+10) | Telefon bekannt (+5),2026-05-28,neu
Tischlerei Bauwerkstatt Hannover,Schreiner,0511 2104075,,"Badenstedter Str. 46D, 30453 Hannover, Deutschland",http://www.bauwerkstatt-hannover.de/,True,True,22,False,1087,True,13.12.2004,ChIJ00XIxfN0sEcRXwmGzcNyxxM,0.0,0,40,Website sehr alt (22 Jahre) (+25) | Kein HTTPS (+10) | Telefon bekannt (+5),2026-05-28,neu
Ask Bauelemente GmbH,Schreiner,0511 30075554,,"Krepenstraße 10, 30165 Hannover, Deutschland",http://www.ask-bauelemente.de/kontakt/,True,True,11,False,1647,True,06.12.2015,ChIJUVsKaGZzsEcRvvgtXq5uOWo,4.1,15,40,Website sehr alt (11 Jahre) (+25) | Kein HTTPS (+10) | Telefon bekannt (+5),2026-05-28,neu
Winfried Neumann Sanitär und Heizung Inh. Julian Neumann - Hannover,Heizungsbauer,0511 668514,,"Ferdinand-Wallbrecht-Straße 45, 30163 Hannover, Deutschland",https://www.winfriedneumann.de/,True,True,22,True,2262,True,12.12.2004,ChIJs-Stk1BzsEcRri7-GeMPQ80,3.9,31,40,Website sehr alt (22 Jahre) (+25) | Langsam (2262ms) (+5) | Gute Aktivität (31 Bewertungen) (+5) | Telefon bekannt (+5),2026-05-28,neu
Mischke Sanitär-Heizung GmbH,Heizungsbauer,0511 6766860,,"Ehlvershof 11, 30419 Hannover, Deutschland",https://www.sanitaertechnik-hannover.de/,True,True,16,True,1274,True,09.10.2010,ChIJRdoRsadzsEcRlL_rv0-X0Q8,3,61,40,Website sehr alt (16 Jahre) (+25) | Viele Bewertungen (61) (+10) | Telefon bekannt (+5),2026-05-28,neu
C. A. S. A. Haustechnik,Heizungsbauer,0511 5420101,,"Sutelstraße 60, 30659 Hannover, Deutschland",http://www.casa-haustechnik.de/,True,True,,False,4321,False,,ChIJVTyd1ZIMsEcRNcTnIslUMes,3.8,17,40,Kein HTTPS (+10) | Nicht mobilfreundlich (+15) | Sehr langsam (4321ms) (+10) | Telefon bekannt (+5),2026-05-28,neu
Sven Boettcher Sanitär Heizung,Sanitär,0178 4353553,,"Zur Mühle 13a, 30559 Hannover, Deutschland",http://www.svenboe.de/,True,True,,False,3493,True,,ChIJuwPHBdwLsEcRzaBUND35rkY,5,81,40,Kein HTTPS (+10) | Sehr langsam (3493ms) (+10) | Viele Bewertungen (81) (+10) | Sehr gute Bewertung (+5) | Telefon bekannt (+5),2026-05-28,neu
Leine Haustechnik GmbH,Sanitär,0511 6466300,,"Owiedenfeldstraße 16, 30559 Hannover, Deutschland",http://www.leine-haustechnik.de/,True,True,,False,9636,True,,ChIJ7Q8asuELsEcRc8FHJfvVocY,4.9,58,40,Kein HTTPS (+10) | Sehr langsam (9636ms) (+10) | Viele Bewertungen (58) (+10) | Sehr gute Bewertung (+5) | Telefon bekannt (+5),2026-05-28,neu
Winfried Neumann Sanitär und Heizung Inh. Julian Neumann - Hannover,Sanitär,0511 668514,,"Ferdinand-Wallbrecht-Straße 45, 30163 Hannover, Deutschland",https://www.winfriedneumann.de/,True,True,22,True,2270,True,12.12.2004,ChIJs-Stk1BzsEcRri7-GeMPQ80,3.9,31,40,Website sehr alt (22 Jahre) (+25) | Langsam (2270ms) (+5) | Gute Aktivität (31 Bewertungen) (+5) | Telefon bekannt (+5),2026-05-28,neu
Mischke Sanitär-Heizung GmbH,Sanitär,0511 6766860,,"Ehlvershof 11, 30419 Hannover, Deutschland",https://www.sanitaertechnik-hannover.de/,True,True,16,True,978,True,09.10.2010,ChIJRdoRsadzsEcRlL_rv0-X0Q8,3,61,40,Website sehr alt (16 Jahre) (+25) | Viele Bewertungen (61) (+10) | Telefon bekannt (+5),2026-05-28,neu
Peschke Innovativbau & Innenausbau - Hannover,Trockenbau,0511 9793733,,"Ehlvershof 10, 30419 Hannover, Deutschland",https://www.peschke-innovativbau.de/,True,False,,True,,,,ChIJvThEa5VzsEcR2mHb5OP6iug,4.2,5,40,Website nicht erreichbar (+35) | Telefon bekannt (+5),2026-05-28,neu
Daraa Trockenbau,Trockenbau,01525 9221100,,"Wittekamp 10, 30177 Hannover, Deutschland",https://daraa-trockenbau.de/,True,False,,True,,,,ChIJZSCY73pzsEcRmCD9s-yd90M,0.0,0,40,Website nicht erreichbar (+35) | Telefon bekannt (+5),2026-05-28,neu
Artur‘s Fensterkontor,Fenster und Türen,05109 2694154,,"Stettiner Str. 21, 30952 Ronnenberg, Deutschland",http://www.arturs-fensterkontor.de/,True,True,,False,4721,True,,ChIJSzi7K_N1sEcROHLTZZFkTHY,5,51,40,Kein HTTPS (+10) | Sehr langsam (4721ms) (+10) | Viele Bewertungen (51) (+10) | Sehr gute Bewertung (+5) | Telefon bekannt (+5),2026-05-28,neu
Hensel Zimmertürenfabrik GmbH,Fenster und Türen,05130 97890,,"Schlager Ch 1, 30900 Wedemark, Deutschland",http://www.hensel-tueren.de/,True,True,,False,3391,True,,ChIJi7m6vf9ssEcRmXj6ZwzJ7ts,4.6,70,40,Kein HTTPS (+10) | Sehr langsam (3391ms) (+10) | Viele Bewertungen (70) (+10) | Sehr gute Bewertung (+5) | Telefon bekannt (+5),2026-05-28,neu
Jan Garden,Gartenbau,0511 87651128,,"Eupener Str. 45, 30519 Hannover, Deutschland",http://www.jangarden.de/,True,True,,False,4683,True,,ChIJe3vyJ1QKsEcRs0cX0cIJkkA,4.8,52,40,Kein HTTPS (+10) | Sehr langsam (4683ms) (+10) | Viele Bewertungen (52) (+10) | Sehr gute Bewertung (+5) | Telefon bekannt (+5),2026-05-28,neu
Grün & Gut,Gartenbau,0511 714048,,"Max-Müller-Straße 22, 30179 Hannover, Deutschland",https://gruenundgut.de/,True,False,,True,,,,ChIJAzfotghzsEcRDrp_6h_mSjQ,3.7,6,40,Website nicht erreichbar (+35) | Telefon bekannt (+5),2026-05-28,neu
MR. Pulito Cihan Solak,Reinigungsfirma,0511 21916318,,"Am Klagesmarkt 23, 30159 Hannover, Deutschland",http://www.mr-pulito.de/,True,True,,False,1555,False,,ChIJ0yTmA6N0sEcRVl-38vFjmzs,4.9,30,40,Kein HTTPS (+10) | Nicht mobilfreundlich (+15) | Gute Aktivität (30 Bewertungen) (+5) | Sehr gute Bewertung (+5) | Telefon bekannt (+5),2026-05-28,neu
Mayca Gebäudeservice,Reinigungsfirma,0511 86647763,,"Hamburger Allee 55, 30161 Hannover, Deutschland",https://www.mayca.de/,True,True,,True,3319,False,,ChIJ8wvHMf51sEcRl4lJOFOufIc,4.9,33,40,Nicht mobilfreundlich (+15) | Sehr langsam (3319ms) (+10) | Gute Aktivität (33 Bewertungen) (+5) | Sehr gute Bewertung (+5) | Telefon bekannt (+5),2026-05-28,neu
Fair-Cility Immobilienservice - Reinigen & Renovieren,Reinigungsfirma,0170 4696130,,"In den Sieben Stücken 4e, 30655 Hannover, Deutschland",http://www.fair-cility.de/,True,True,,False,6944,True,,ChIJAaBjfWpBu0cRZSsVWQyPnxE,4.8,75,40,Kein HTTPS (+10) | Sehr langsam (6944ms) (+10) | Viele Bewertungen (75) (+10) | Sehr gute Bewertung (+5) | Telefon bekannt (+5),2026-05-28,neu
Cleanplace Gebäudereinigung Hannover,Reinigungsfirma,0511 64201323,,"Brucknerweg 29H, 30880 Laatzen, Deutschland",http://www.cleanplace.de/,True,False,,False,,,,ChIJwegzhPkKsEcRj7f6vzlMPXk,4.4,13,40,Website nicht erreichbar (+35) | Telefon bekannt (+5),2026-05-28,neu
Sprint Schuh- und Schlüsseldienst,Schlüsseldienst,0511 60042974,,"im Kaufland, Alfred-Bentz-Straße 1, 30966 Hemmingen, Deutschland",http://www.sprint-service.de/,True,True,,False,1297,False,,ChIJQcSweE51sEcRVKvpD8jw-jc,4.8,46,40,Kein HTTPS (+10) | Nicht mobilfreundlich (+15) | Gute Aktivität (46 Bewertungen) (+5) | Sehr gute Bewertung (+5) | Telefon bekannt (+5),2026-05-28,neu
Elektro-Service-Hannover.de GmbH,Elektriker,0511 59207763,,"Empelder Str. 102, 30455 Hannover, Deutschland",https://elektro-service-hannover.de/,True,True,,True,1949,False,,ChIJc-mZmOp1sEcRLOlbjpzXTAg,4.6,138,35,Nicht mobilfreundlich (+15) | Viele Bewertungen (138) (+10) | Sehr gute Bewertung (+5) | Telefon bekannt (+5),2026-05-28,neu
Elektrotechnik GK,Elektriker,0176 21350801,,"Röpkestraße 12, 30173 Hannover, Deutschland",http://www.elektrotechnikgk.de/,True,True,,False,2069,True,,ChIJ8U4MduELsEcRy-T-WSm5xPE,5,54,35,Kein HTTPS (+10) | Langsam (2069ms) (+5) | Viele Bewertungen (54) (+10) | Sehr gute Bewertung (+5) | Telefon bekannt (+5),2026-05-28,neu
Industrie electric GmbH,Elektriker,0511 979920,,"Auf d. Klappenburg 9, 30419 Hannover, Deutschland",https://www.industrie-electric.de/,True,True,20,True,1309,True,01.07.2006,ChIJwaxetOFzsEcRoud5EFL0xzg,5,3,35,Website sehr alt (20 Jahre) (+25) | Sehr gute Bewertung (+5) | Telefon bekannt (+5),2026-05-28,neu
Raulfs Sanitär Heizung GmbH,Klempner,0511 51514290,,"Schlorumpfsweg 3, 30453 Hannover, Deutschland",http://raulfs-sanitaer.de/,True,True,,False,2641,True,,ChIJLdbZUFZ1sEcRwV4TWX9_ivk,4.9,51,35,Kein HTTPS (+10) | Langsam (2641ms) (+5) | Viele Bewertungen (51) (+10) | Sehr gute Bewertung (+5) | Telefon bekannt (+5),2026-05-28,neu
Winfried Neumann Sanitär und Heizung Inh. Julian Neumann - Hannover,Klempner,0511 668514,,"Ferdinand-Wallbrecht-Straße 45, 30163 Hannover, Deutschland",https://www.winfriedneumann.de/,True,True,22,True,1993,True,12.12.2004,ChIJs-Stk1BzsEcRri7-GeMPQ80,3.9,31,35,Website sehr alt (22 Jahre) (+25) | Gute Aktivität (31 Bewertungen) (+5) | Telefon bekannt (+5),2026-05-28,neu
Schöne Bäder Heizung - Sanitär - Klima - Lüftung | Hannover,Klempner,0162 6909009,,"Alter Flughafen 21, 30179 Hannover, Deutschland",http://www.sbh-baeder.com/,True,True,1,False,3245,True,20.02.2025,ChIJk4XsFNZzsEcRttTmAq5HYTo,5,34,35,Kein HTTPS (+10) | Sehr langsam (3245ms) (+10) | Gute Aktivität (34 Bewertungen) (+5) | Sehr gute Bewertung (+5) | Telefon bekannt (+5),2026-05-28,neu
Mathias Mehmke Installateur- & Heizungsbauermeister,Klempner,0511 8665315,,"Zum Wiehegraben 15, 30519 Hannover, Deutschland",https://mehmke-shk.de/,True,True,3,True,2321,False,14.12.2023,ChIJP2z19RELsEcR2l6GFifzXug,5,29,35,Nicht mobilfreundlich (+15) | Langsam (2321ms) (+5) | Gute Aktivität (29 Bewertungen) (+5) | Sehr gute Bewertung (+5) | Telefon bekannt (+5),2026-05-28,neu
Gebureck GmbH,Klempner,0511 442681,,"Davenstedter Str. 42, 30449 Hannover, Deutschland",https://www.gebureck.de/,True,True,15,True,1447,True,26.09.2011,ChIJt_-NRO10sEcRFUJWwR5vHgs,4.4,31,35,Website sehr alt (15 Jahre) (+25) | Gute Aktivität (31 Bewertungen) (+5) | Telefon bekannt (+5),2026-05-28,neu
IDEAL Sanitär u. Heizung,Klempner,0511 1627870,,"Voltmerstraße 27a, 30165 Hannover, Deutschland",http://www.ideal-hannover.de/,True,True,5,False,1851,True,06.05.2021,ChIJM59QTWVzsEcRg7-5JNWwyU4,4.3,33,35,Website veraltet (5 Jahre) (+15) | Kein HTTPS (+10) | Gute Aktivität (33 Bewertungen) (+5) | Telefon bekannt (+5),2026-05-28,neu
Bad & Wärme Manfred Meyer Gmbh,Klempner,0511 6479083,,"Lenbachstraße 14a, 30655 Hannover, Deutschland",https://www.badundwaermeplus.de/,True,True,17,True,1622,True,26.09.2009,ChIJVVWFwugMsEcR2-erlo6_uuM,3.3,27,35,Website sehr alt (17 Jahre) (+25) | Gute Aktivität (27 Bewertungen) (+5) | Telefon bekannt (+5),2026-05-28,neu
Raulfs Sanitär Heizung GmbH,Installateur,0511 51514290,,"Schlorumpfsweg 3, 30453 Hannover, Deutschland",http://raulfs-sanitaer.de/,True,True,,False,2100,True,,ChIJLdbZUFZ1sEcRwV4TWX9_ivk,4.9,51,35,Kein HTTPS (+10) | Langsam (2100ms) (+5) | Viele Bewertungen (51) (+10) | Sehr gute Bewertung (+5) | Telefon bekannt (+5),2026-05-28,neu
Schöne Bäder Heizung - Sanitär - Klima - Lüftung | Hannover,Installateur,0162 6909009,,"Alter Flughafen 21, 30179 Hannover, Deutschland",http://www.sbh-baeder.com/,True,True,1,False,3042,True,20.02.2025,ChIJk4XsFNZzsEcRttTmAq5HYTo,5,34,35,Kein HTTPS (+10) | Sehr langsam (3042ms) (+10) | Gute Aktivität (34 Bewertungen) (+5) | Sehr gute Bewertung (+5) | Telefon bekannt (+5),2026-05-28,neu
TrioSan Hannover,Installateur,0511 90121314,,"Schulenburger Landstraße 134, 30165 Hannover, Deutschland",http://triosan-hannover.de/,True,True,2,False,2193,True,03.03.2024,ChIJ8XsVPehzsEcRDJq-r0qHfOU,4.7,84,35,Kein HTTPS (+10) | Langsam (2193ms) (+5) | Viele Bewertungen (84) (+10) | Sehr gute Bewertung (+5) | Telefon bekannt (+5),2026-05-28,neu
Gebureck GmbH,Installateur,0511 442681,,"Davenstedter Str. 42, 30449 Hannover, Deutschland",https://www.gebureck.de/,True,True,15,True,1474,True,26.09.2011,ChIJt_-NRO10sEcRFUJWwR5vHgs,4.4,31,35,Website sehr alt (15 Jahre) (+25) | Gute Aktivität (31 Bewertungen) (+5) | Telefon bekannt (+5),2026-05-28,neu
GAS-Control GmbH,Installateur,0511 9666790,,"Ellernstraße 41a, 30175 Hannover, Deutschland",http://gas-control.de/,True,True,,False,2197,True,,ChIJD0DQnaE7ZUERWijAT_PL7rU,4.9,460,35,Kein HTTPS (+10) | Langsam (2197ms) (+5) | Viele Bewertungen (460) (+10) | Sehr gute Bewertung (+5) | Telefon bekannt (+5),2026-05-28,neu
IDEAL Sanitär u. Heizung,Installateur,0511 1627870,,"Voltmerstraße 27a, 30165 Hannover, Deutschland",http://www.ideal-hannover.de/,True,True,5,False,1306,True,06.05.2021,ChIJM59QTWVzsEcRg7-5JNWwyU4,4.3,33,35,Website veraltet (5 Jahre) (+15) | Kein HTTPS (+10) | Gute Aktivität (33 Bewertungen) (+5) | Telefon bekannt (+5),2026-05-28,neu
Syrbe,Installateur,0511 2105272,,"Fössestraße 77, 30451 Hannover, Deutschland",https://syrbe.net/,True,True,22,True,1624,True,12.12.2004,ChIJjVjrQI10sEcRM2zLdDWosBQ,4.1,29,35,Website sehr alt (22 Jahre) (+25) | Gute Aktivität (29 Bewertungen) (+5) | Telefon bekannt (+5),2026-05-28,neu
Malermeister Schmitz GmbH,Maler,0511 6463239,,"Dreihornstraße 3, 30659 Hannover, Deutschland",https://www.malermeister-schmitz.de/,True,True,21,True,1734,True,23.01.2005,ChIJT6CkCuUMsEcREkLTf--18Og,4.5,8,35,Website sehr alt (21 Jahre) (+25) | Sehr gute Bewertung (+5) | Telefon bekannt (+5),2026-05-28,neu
Frank Faulnborn,Maler,0511 577497,,"Seckbruchstraße 4, 30629 Hannover, Deutschland",https://maler-faulnborn.de/,True,True,17,True,1677,True,22.09.2009,ChIJrZKYASkNsEcRWgqIabS9Vvo,5,5,35,Website sehr alt (17 Jahre) (+25) | Sehr gute Bewertung (+5) | Telefon bekannt (+5),2026-05-28,neu
Mosinski Malermeister GmbH,Maler,0511 703009,,"Bunnenbergstraße 13, 30165 Hannover, Deutschland",https://www.mosinski-malermeister.de/,True,True,22,True,1517,True,04.12.2004,ChIJnVbvDTpzsEcRdz8_pMDq57c,5,5,35,Website sehr alt (22 Jahre) (+25) | Sehr gute Bewertung (+5) | Telefon bekannt (+5),2026-05-28,neu
Ziel Malerbetrieb,Maler,0511 559051,,"Heidering 8, 30625 Hannover, Deutschland",https://www.maler-ziel-hannover.de/,True,True,10,True,1359,True,05.02.2016,ChIJHTsq-n8MsEcRF_p55Wk9mCA,4.8,5,35,Website sehr alt (10 Jahre) (+25) | Sehr gute Bewertung (+5) | Telefon bekannt (+5),2026-05-28,neu
Franz Dietrich GmbH,Maler,0511 879680,,"Völgerstraße 11, 30519 Hannover, Deutschland",https://www.dietrich.de/,True,True,22,True,1085,True,14.12.2004,ChIJ15zmMvsKsEcRj56HGBugg9c,4.2,29,35,Website sehr alt (22 Jahre) (+25) | Gute Aktivität (29 Bewertungen) (+5) | Telefon bekannt (+5),2026-05-28,neu
Bernd Wöbbekind GmbH Malermeisterbetrieb,Maler,0511 773000,,"Dannenbergweg 1, 30855 Langenhagen, Deutschland",https://www.woebbekind.com/,True,True,16,True,1263,True,18.02.2010,ChIJzT2f_JBysEcR0jLIeyanGOM,5,11,35,Website sehr alt (16 Jahre) (+25) | Sehr gute Bewertung (+5) | Telefon bekannt (+5),2026-05-28,neu
Keramik Loft GmbH,Fliesenleger,0511 45949428,,"Gewerbepark „Alter Schlachthof, Röpkestraße 12, 30173 Hannover, Deutschland",http://keramik-loft.de/,True,True,,False,2721,True,,ChIJx-dhwEELsEcR5RQmO1Y7LdE,4.9,69,35,Kein HTTPS (+10) | Langsam (2721ms) (+5) | Viele Bewertungen (69) (+10) | Sehr gute Bewertung (+5) | Telefon bekannt (+5),2026-05-28,neu
Bauservice Meyer,Fliesenleger,0170 4328513,,"Göttinger Ch 31 a, 30453 Hannover, Deutschland",https://bauservice-york-meyer.de/,True,True,11,True,1510,True,07.11.2015,ChIJWbV2PsV1sEcRyvTevdKr0Zo,5,7,35,Website sehr alt (11 Jahre) (+25) | Sehr gute Bewertung (+5) | Telefon bekannt (+5),2026-05-28,neu
Fliesenlegermeister Matthias Kafka Garbsen,Fliesenleger,0177 3131691,,"Steinwartskamp 4, 30826 Garbsen, Deutschland",http://www.kafkaundkafka.de/,True,True,,False,1887,False,,ChIJGzc2PIRwsEcRIioe6BGPr9w,5,11,35,Kein HTTPS (+10) | Nicht mobilfreundlich (+15) | Sehr gute Bewertung (+5) | Telefon bekannt (+5),2026-05-28,neu
Stone Fliesen & Naturstein | Hannover,Fliesenleger,0511 37026895,,"Ernst-Grote-Straße 24, 30916 Isernhagen, Deutschland",http://www.stone-hannover.com/,True,True,,False,4747,True,,ChIJRwtEcUMNsEcRpZt25ieZyMM,4.9,36,35,Kein HTTPS (+10) | Sehr langsam (4747ms) (+10) | Gute Aktivität (36 Bewertungen) (+5) | Sehr gute Bewertung (+5) | Telefon bekannt (+5),2026-05-28,neu
Fliesenmeisterei,Fliesenleger,01520 3499999,,"Rathauspl. 5a, 30966 Hemmingen, Deutschland",https://www.fliesen-meisterei.de/,True,True,7,True,3414,True,16.11.2019,ChIJYVE9DB91sEcRrwcV9kVrJKs,4.8,16,35,Website veraltet (7 Jahre) (+15) | Sehr langsam (3414ms) (+10) | Sehr gute Bewertung (+5) | Telefon bekannt (+5),2026-05-28,neu
Holzapfel GmbH,Dachdecker,0511 954920,,"Am Ahltener Weg 11, 30559 Hannover, Deutschland",https://holzapfel-hannover.de/,True,True,20,True,1854,True,03.04.2006,ChIJLZv4P-ELsEcROrLOpWc9fNk,4.5,19,35,Website sehr alt (20 Jahre) (+25) | Sehr gute Bewertung (+5) | Telefon bekannt (+5),2026-05-28,neu
Dachdeckermeister Wolfgang Adolph,Dachdecker,0511 6139357,,"Emil-Nolde-Weg 33, 30659 Hannover, Deutschland",https://www.dachdecker-adolph.de/,True,True,9,True,1661,True,10.07.2017,ChIJFUHdXeAMsEcRpJMi16AZQEE,5,5,35,Website sehr alt (9 Jahre) (+25) | Sehr gute Bewertung (+5) | Telefon bekannt (+5),2026-05-28,neu
Paulmann Dachservice GmbH,Dachdecker,0511 728530,,"Kopernikusstraße 28, 30853 Langenhagen, Deutschland",http://www.paulmann-daecher.de/,True,True,,False,3883,True,,ChIJcQ1VDJJysEcRuvswW46MtDQ,4.9,28,35,Kein HTTPS (+10) | Sehr langsam (3883ms) (+10) | Gute Aktivität (28 Bewertungen) (+5) | Sehr gute Bewertung (+5) | Telefon bekannt (+5),2026-05-28,neu
Busse Dachdeckerbetrieb GmbH,Dachdecker,0511 782989,,"Osterriedestraße 6, 30851 Langenhagen, Deutschland",https://www.busse-dachdeckermeister.de/,True,True,9,True,1779,True,29.09.2017,ChIJ0RcJAQJzsEcRTx7aUX2ygzw,5,12,35,Website sehr alt (9 Jahre) (+25) | Sehr gute Bewertung (+5) | Telefon bekannt (+5),2026-05-28,neu
Dachdeckerei Jarasinsky GmbH,Dachdecker,0511 673888,,"Alter Damm 15 a, 30419 Hannover, Deutschland",http://www.dachdeckerei-jarasinsky-vierk.de/,True,True,,False,2481,False,,ChIJR9G6GH1xsEcRMoZDL3qu6VI,3.4,17,35,Kein HTTPS (+10) | Nicht mobilfreundlich (+15) | Langsam (2481ms) (+5) | Telefon bekannt (+5),2026-05-28,neu
Zimmermann Sonderposten - Mehr als Du denkst!,Zimmermann,0511 47320775,,"Empelder Str. 128, 30455 Hannover, Deutschland",http://www.zimmermann.de,True,True,,False,13824,True,,ChIJixkwn7J1sEcR_6in-QR3750,3.9,1132,35,Kein HTTPS (+10) | Sehr langsam (13824ms) (+10) | Viele Bewertungen (1132) (+10) | Telefon bekannt (+5),2026-05-28,neu
Schwandt GmbH Ihr vielseitiger Tischlerfachbetrieb,Schreiner,0511 3521989,,"Siegmundstraße 1-2, 30165 Hannover, Deutschland",https://www.tischlerei-schwandt.de/,True,True,21,True,907,True,09.03.2005,ChIJb4EAw2RzsEcRgjHDk-qnUkY,4.9,17,35,Website sehr alt (21 Jahre) (+25) | Sehr gute Bewertung (+5) | Telefon bekannt (+5),2026-05-28,neu
Wedel VolkerTischlermeister,Schreiner,0511 513728,,"Niederfeldstraße 9, 30539 Hannover, Deutschland",https://www.tischlerei-wedel.de/,True,True,22,True,1207,True,11.12.2004,ChIJ_7_bQocJsEcRn4i0wqtLUtE,4.9,9,35,Website sehr alt (22 Jahre) (+25) | Sehr gute Bewertung (+5) | Telefon bekannt (+5),2026-05-28,neu
Fahlbusch Michael,Schreiner,0511 2102521,,"Bernhard-Caspar-Straße 3, 30453 Hannover, Deutschland",https://www.die-holzecke.de/,True,True,19,True,1162,True,24.12.2007,ChIJQwUzTPJ0sEcRUXNXNyq2Dkk,5,2,35,Website sehr alt (19 Jahre) (+25) | Sehr gute Bewertung (+5) | Telefon bekannt (+5),2026-05-28,neu
Tischlerei Vollholz,Schreiner,0511 7590349,,"Hagenbleckstraße 41B, 30455 Hannover, Deutschland",http://www.tischlerei-vollholz.de/,True,True,,False,1081,False,,ChIJOUIFJ010sEcRfrBJWQVGXxk,4.7,9,35,Kein HTTPS (+10) | Nicht mobilfreundlich (+15) | Sehr gute Bewertung (+5) | Telefon bekannt (+5),2026-05-28,neu
MARO Holzarbeiten,Schreiner,0163 3426665,,"Eppersstraße 6, 30453 Hannover, Deutschland",http://www.maro-holzarbeiten.de/,True,True,7,False,1737,True,11.12.2019,ChIJVao_FGJ0sEcRabs0zhiC-sU,5,12,35,Website veraltet (7 Jahre) (+15) | Kein HTTPS (+10) | Sehr gute Bewertung (+5) | Telefon bekannt (+5),2026-05-28,neu
Große-Honebrink,Schreiner,0511 6003728,,"Badenstedter Str. 46D, 30453 Hannover, Deutschland",http://www.mgh-tischlerei.de/,True,True,,False,1304,False,,ChIJaYxDv_N0sEcReYHWbLDz9uo,5,3,35,Kein HTTPS (+10) | Nicht mobilfreundlich (+15) | Sehr gute Bewertung (+5) | Telefon bekannt (+5),2026-05-28,neu
Raulfs Sanitär Heizung GmbH,Heizungsbauer,0511 51514290,,"Schlorumpfsweg 3, 30453 Hannover, Deutschland",http://raulfs-sanitaer.de/,True,True,,False,2189,True,,ChIJLdbZUFZ1sEcRwV4TWX9_ivk,4.9,51,35,Kein HTTPS (+10) | Langsam (2189ms) (+5) | Viele Bewertungen (51) (+10) | Sehr gute Bewertung (+5) | Telefon bekannt (+5),2026-05-28,neu
Mathias Mehmke Installateur- & Heizungsbauermeister,Heizungsbauer,0511 8665315,,"Zum Wiehegraben 15, 30519 Hannover, Deutschland",https://mehmke-shk.de/,True,True,3,True,2557,False,14.12.2023,ChIJP2z19RELsEcR2l6GFifzXug,5,29,35,Nicht mobilfreundlich (+15) | Langsam (2557ms) (+5) | Gute Aktivität (29 Bewertungen) (+5) | Sehr gute Bewertung (+5) | Telefon bekannt (+5),2026-05-28,neu
Schöne Bäder Heizung - Sanitär - Klima - Lüftung | Hannover,Heizungsbauer,0162 6909009,,"Alter Flughafen 21, 30179 Hannover, Deutschland",http://www.sbh-baeder.com/,True,True,1,False,3002,True,20.02.2025,ChIJk4XsFNZzsEcRttTmAq5HYTo,5,34,35,Kein HTTPS (+10) | Sehr langsam (3002ms) (+10) | Gute Aktivität (34 Bewertungen) (+5) | Sehr gute Bewertung (+5) | Telefon bekannt (+5),2026-05-28,neu
InnoHeiz Hannover GmbH & Co.KG | Isernhagen,Heizungsbauer,0511 54435477,,"Ernst-Grote-Straße 13, 30916 Isernhagen, Deutschland",http://www.innoheiz.de/,True,True,,False,2282,True,,ChIJOwMWcOgNsEcRwpaJHcArWO4,4.9,90,35,Kein HTTPS (+10) | Langsam (2282ms) (+5) | Viele Bewertungen (90) (+10) | Sehr gute Bewertung (+5) | Telefon bekannt (+5),2026-05-28,neu
IDEAL Sanitär u. Heizung,Heizungsbauer,0511 1627870,,"Voltmerstraße 27a, 30165 Hannover, Deutschland",http://www.ideal-hannover.de/,True,True,5,False,1643,True,06.05.2021,ChIJM59QTWVzsEcRg7-5JNWwyU4,4.3,33,35,Website veraltet (5 Jahre) (+15) | Kein HTTPS (+10) | Gute Aktivität (33 Bewertungen) (+5) | Telefon bekannt (+5),2026-05-28,neu
Gebureck GmbH,Heizungsbauer,0511 442681,,"Davenstedter Str. 42, 30449 Hannover, Deutschland",https://www.gebureck.de/,True,True,15,True,1574,True,26.09.2011,ChIJt_-NRO10sEcRFUJWwR5vHgs,4.4,31,35,Website sehr alt (15 Jahre) (+25) | Gute Aktivität (31 Bewertungen) (+5) | Telefon bekannt (+5),2026-05-28,neu
Surin,Heizungsbauer,0511 99906900,,"Buchholzer Str. 8, 30629 Hannover, Deutschland",https://www.surin-shk.de/,True,True,2,True,3641,False,24.08.2024,ChIJ-adducdzsEcRWZaBPkQ7sNA,4.8,13,35,Nicht mobilfreundlich (+15) | Sehr langsam (3641ms) (+10) | Sehr gute Bewertung (+5) | Telefon bekannt (+5),2026-05-28,neu
Sedat Özgec Sanitär-Heizung,Sanitär,0511 620696,,"Jakobistraße 15, 30163 Hannover, Deutschland",https://sanitaer-oezgec.de/,True,True,,True,1447,False,,ChIJC9gR-lZzsEcRkgWNOdWsoak,4.6,71,35,Nicht mobilfreundlich (+15) | Viele Bewertungen (71) (+10) | Sehr gute Bewertung (+5) | Telefon bekannt (+5),2026-05-28,neu
Heymeier GmbH & Co. Haustechnik KG,Sanitär,0511 33959895,,"Bronsartstraße 4, 30161 Hannover, Deutschland",http://www.heymeier.de/,True,True,,False,2719,True,,ChIJe9PVF6Z0sEcRqF5YHXGJd84,5,57,35,Kein HTTPS (+10) | Langsam (2719ms) (+5) | Viele Bewertungen (57) (+10) | Sehr gute Bewertung (+5) | Telefon bekannt (+5),2026-05-28,neu
Raulfs Sanitär Heizung GmbH,Sanitär,0511 51514290,,"Schlorumpfsweg 3, 30453 Hannover, Deutschland",http://raulfs-sanitaer.de/,True,True,,False,2064,True,,ChIJLdbZUFZ1sEcRwV4TWX9_ivk,4.9,51,35,Kein HTTPS (+10) | Langsam (2064ms) (+5) | Viele Bewertungen (51) (+10) | Sehr gute Bewertung (+5) | Telefon bekannt (+5),2026-05-28,neu
Peter Völkel GmbH Sanitär & Heizung in Hannover,Sanitär,0511 660724,,"Edenstraße 36, 30161 Hannover, Deutschland",http://www.voelkel-haustechnik.de/,True,True,,False,4113,True,,ChIJoeVRelZzsEcRRCefqfCaRfU,4.3,61,35,Kein HTTPS (+10) | Sehr langsam (4113ms) (+10) | Viele Bewertungen (61) (+10) | Telefon bekannt (+5),2026-05-28,neu
Sanitär- und Heizungs- Fachhandel Gerhard Küster GmbH,Sanitär,0511 358980,,"Neanderstraße 13, 30165 Hannover, Deutschland",http://www.sanikue.de/,True,True,,False,2630,True,,ChIJC2fdH11zsEcRkb2bvLfaji8,4.5,118,35,Kein HTTPS (+10) | Langsam (2630ms) (+5) | Viele Bewertungen (118) (+10) | Sehr gute Bewertung (+5) | Telefon bekannt (+5),2026-05-28,neu
Markus Brauner Sanitärtechnik,Sanitär,0511 702536,,"Im Moore 24, 30167 Hannover, Deutschland",http://www.brauner-sanitaer.de/,True,True,,False,3464,True,,ChIJQ8QR7J50sEcRGCmcYhmvQvg,4.8,25,35,Kein HTTPS (+10) | Sehr langsam (3464ms) (+10) | Gute Aktivität (25 Bewertungen) (+5) | Sehr gute Bewertung (+5) | Telefon bekannt (+5),2026-05-28,neu
IDEAL Sanitär u. Heizung,Sanitär,0511 1627870,,"Voltmerstraße 27a, 30165 Hannover, Deutschland",http://www.ideal-hannover.de/,True,True,5,False,1493,True,06.05.2021,ChIJM59QTWVzsEcRg7-5JNWwyU4,4.3,33,35,Website veraltet (5 Jahre) (+15) | Kein HTTPS (+10) | Gute Aktivität (33 Bewertungen) (+5) | Telefon bekannt (+5),2026-05-28,neu
Gebureck GmbH,Sanitär,0511 442681,,"Davenstedter Str. 42, 30449 Hannover, Deutschland",https://www.gebureck.de/,True,True,15,True,1591,True,26.09.2011,ChIJt_-NRO10sEcRFUJWwR5vHgs,4.4,31,35,Website sehr alt (15 Jahre) (+25) | Gute Aktivität (31 Bewertungen) (+5) | Telefon bekannt (+5),2026-05-28,neu
WIM Wieleba Trockenbau Hannover,Trockenbau,01590 1409295,,"Hildesheimer Str. 265-267, 30519 Hannover, Deutschland",http://www.wimtrockenbau.de/,True,True,,False,7640,True,,ChIJo5ozL-8LsEcRPtnnPqy6r_Q,5,21,35,Kein HTTPS (+10) | Sehr langsam (7640ms) (+10) | Gute Aktivität (21 Bewertungen) (+5) | Sehr gute Bewertung (+5) | Telefon bekannt (+5),2026-05-28,neu
Lomi-Bau,Trockenbau,0176 43441050,,"Humboldtstraße 16, 30169 Hannover, Deutschland",http://lomi-bau.de/,True,True,,False,2891,True,,ChIJAd13jux3sEcRafStiFKRp7o,5,54,35,Kein HTTPS (+10) | Langsam (2891ms) (+5) | Viele Bewertungen (54) (+10) | Sehr gute Bewertung (+5) | Telefon bekannt (+5),2026-05-28,neu
Sebastian Sommer Akustik- u. Trockenbau,Trockenbau,0511 583171,,"Hannoversche Str. 46, 30629 Hannover, Deutschland",http://www.trockenbau-sommer.de/contact.htm,True,True,,False,954,False,,ChIJT7XPuhIMsEcR7TCXz-l2nAE,5,1,35,Kein HTTPS (+10) | Nicht mobilfreundlich (+15) | Sehr gute Bewertung (+5) | Telefon bekannt (+5),2026-05-28,neu
O.Kaufhold GmbH,Fenster und Türen,05131 70910,,"Osteriede 4, 30827 Garbsen, Deutschland",http://www.o-kaufhold.de/,True,True,,False,2472,True,,ChIJWb90ZRBxsEcRO1xOKem9We8,4.8,82,35,Kein HTTPS (+10) | Langsam (2472ms) (+5) | Viele Bewertungen (82) (+10) | Sehr gute Bewertung (+5) | Telefon bekannt (+5),2026-05-28,neu
Heinz Roth Gartengestaltung,Gartenbau,0511 461635,,"Ringstraße 10C, 30457 Hannover, Deutschland",http://www.roth-gartengestaltung.de/,True,True,,False,1385,False,,ChIJedDpFBJ1sEcRKj16MMWGQ0A,5,2,35,Kein HTTPS (+10) | Nicht mobilfreundlich (+15) | Sehr gute Bewertung (+5) | Telefon bekannt (+5),2026-05-28,neu
Gartenträume -Bösche,Gartenbau,01577 7598589,,"Am Landwehrgraben 17, 30519 Hannover, Deutschland",http://www.gartentraeume-boesche.de/,True,True,,False,3819,True,,ChIJIdRYOGJzsEcRRvRbUCvzxeE,4.8,26,35,Kein HTTPS (+10) | Sehr langsam (3819ms) (+10) | Gute Aktivität (26 Bewertungen) (+5) | Sehr gute Bewertung (+5) | Telefon bekannt (+5),2026-05-28,neu
Erdem Garten- und Landschaftsbau,Gartenbau,05137 819316,,"Fiernhagen 6, 30823 Garbsen, Deutschland",https://galabau-erdem.de/,True,True,,True,2833,False,,ChIJNQSE8MNwsEcRh3USyXPKh8c,5,24,35,Nicht mobilfreundlich (+15) | Langsam (2833ms) (+5) | Gute Aktivität (24 Bewertungen) (+5) | Sehr gute Bewertung (+5) | Telefon bekannt (+5),2026-05-28,neu
Gartenbau und Grünpflege im Johanneshof gem. GmbH,Gartenbau,0511 2621125,,"Am Hohmannhof 10, 30457 Hannover, Deutschland",http://www.roth-gartengestaltung.de/,True,True,,False,1143,False,,ChIJr0NXQA11sEcR2h_lu3WWYC4,4.5,11,35,Kein HTTPS (+10) | Nicht mobilfreundlich (+15) | Sehr gute Bewertung (+5) | Telefon bekannt (+5),2026-05-28,neu
Wildhagen Gartengestaltung,Gartenbau,0511 76826227,,"Am Weißdorn 8, 30459 Hannover, Deutschland",http://wildhagen-gartengestaltung.de/,True,True,,False,1062,False,,ChIJiQGjXCN1sEcRCHzAiXwu6jU,5,3,35,Kein HTTPS (+10) | Nicht mobilfreundlich (+15) | Sehr gute Bewertung (+5) | Telefon bekannt (+5),2026-05-28,neu
Fa. Horand Gartenbau,Gartenbau,05101 58077,,"Hoher Holzweg 20, 30966 Hemmingen, Deutschland",http://www.horand-galabau.de/,True,True,,False,1155,False,,ChIJE_S3_QdIZUERKxikEADeJnY,4.9,10,35,Kein HTTPS (+10) | Nicht mobilfreundlich (+15) | Sehr gute Bewertung (+5) | Telefon bekannt (+5),2026-05-28,neu
Dipl.-Ing.Bodo Menke Garten- und Anlagenpflege,Gartenbau,0511 841763,,"Hoher Weg 26, 30519 Hannover, Deutschland",http://www.menke-gartenbau.de/,True,True,,False,1111,False,,ChIJp5noXoILsEcRSxzE9KZl3jw,5,1,35,Kein HTTPS (+10) | Nicht mobilfreundlich (+15) | Sehr gute Bewertung (+5) | Telefon bekannt (+5),2026-05-28,neu
Hauscleaner Hannover,Reinigungsfirma,05109 5630818,,"Gehrdener Str. 7, 30952 Ronnenberg, Deutschland",http://www.hauscleaner.de/,True,True,,False,8518,True,,ChIJ98_HAI11sEcRyWd0M79K4ro,4.7,48,35,Kein HTTPS (+10) | Sehr langsam (8518ms) (+10) | Gute Aktivität (48 Bewertungen) (+5) | Sehr gute Bewertung (+5) | Telefon bekannt (+5),2026-05-28,neu
Gebäudereinigung Hannover Thavam Cleaning,Reinigungsfirma,0511 35333657,,"Loccumer Str. 55, 30519 Hannover, Deutschland",https://thavam-cleaning.de/,True,True,,True,4397,False,,ChIJS9_WUF4LsEcRCTtYPMBYEBY,4.8,11,35,Nicht mobilfreundlich (+15) | Sehr langsam (4397ms) (+10) | Sehr gute Bewertung (+5) | Telefon bekannt (+5),2026-05-28,neu
Diplom Techniker Jaro Wnuk,Schlüsseldienst,0511 20280008,,"In d. Klewert 8, 30966 Hemmingen, Deutschland",http://www.schluessel-eildienst.de/,True,True,,False,2346,True,,ChIJ9z09TDR1sEcRDQcBEBJkiHU,4.9,117,35,Kein HTTPS (+10) | Langsam (2346ms) (+5) | Viele Bewertungen (117) (+10) | Sehr gute Bewertung (+5) | Telefon bekannt (+5),2026-05-28,neu
Saidi Schuh- und Schlüsseldienst,Schlüsseldienst,0178 3482662,,"Limmerstraße 9, 30451 Hannover, Deutschland",http://saidi-schluesseldienst.de/,True,True,,False,2131,True,,ChIJBWf1uJN0sEcRMB-oBlj2Yo4,4.6,125,35,Kein HTTPS (+10) | Langsam (2131ms) (+5) | Viele Bewertungen (125) (+10) | Sehr gute Bewertung (+5) | Telefon bekannt (+5),2026-05-28,neu
MR ELEKTRO GmbH & Co. KG,Elektriker,0511 80690681,,"Alt-Vinnhorst 113, 30419 Hannover, Deutschland",https://www.macht-an.de/,True,True,,True,3377,True,,ChIJsdxO-6hzsEcRksB_DkRMCZ4,4.9,59,30,Sehr langsam (3377ms) (+10) | Viele Bewertungen (59) (+10) | Sehr gute Bewertung (+5) | Telefon bekannt (+5),2026-05-28,neu
Elektro Tekkal,Elektriker,0162 2721211,,"Gustav-Schenk-Weg 10, 30455 Hannover, Deutschland",http://www.elektro-tekkal.de/,True,True,4,False,3326,True,09.03.2022,ChIJq_5f4Bh1sEcRDpsE7UDQUSU,5,12,30,Kein HTTPS (+10) | Sehr langsam (3326ms) (+10) | Sehr gute Bewertung (+5) | Telefon bekannt (+5),2026-05-28,neu
Waczakowski Elektroinstallation GmbH,Elektriker,0511 2619747,,"Mengendamm 14 A, 30177 Hannover, Deutschland",http://www.waczakowski.com/,True,True,,False,2508,True,,ChIJcwJXJE1zsEcR3nsUsr4jO2U,4.5,20,30,Kein HTTPS (+10) | Langsam (2508ms) (+5) | Gute Aktivität (20 Bewertungen) (+5) | Sehr gute Bewertung (+5) | Telefon bekannt (+5),2026-05-28,neu
Elektro Pi,Elektriker,0511 71656026,,"Ossietzkyring 34H, 30457 Hannover, Deutschland",http://www.elektro-pi.de/,True,True,,False,5896,True,,ChIJr0sGJHt1sEcRcZDWUTrW41A,5,14,30,Kein HTTPS (+10) | Sehr langsam (5896ms) (+10) | Sehr gute Bewertung (+5) | Telefon bekannt (+5),2026-05-28,neu
Börger Elektrotechnik GmbH,Elektriker,0511 837741,,"Thuler Weg 3, 30519 Hannover, Deutschland",http://www.boergerelektrotechnik.de/,True,True,,False,5027,True,,ChIJd4CM9QQLsEcRREnlpTQgFpc,4.5,15,30,Kein HTTPS (+10) | Sehr langsam (5027ms) (+10) | Sehr gute Bewertung (+5) | Telefon bekannt (+5),2026-05-28,neu
Munzert Sanitärinstallation GmbH - Badsanierung Hannover,Klempner,0176 36308534,,"Kopernikusstraße 7B, 30167 Hannover, Deutschland",https://munzert-sanitaer.de/,True,True,7,True,1088,True,22.08.2019,ChIJ56sG6FtxsEcRjSTaygmkv-s,5,32,30,Website veraltet (7 Jahre) (+15) | Gute Aktivität (32 Bewertungen) (+5) | Sehr gute Bewertung (+5) | Telefon bekannt (+5),2026-05-28,neu
Taebel Inh. Martin Rose e. K.,Klempner,0511 697079,,"Hebbelstraße 1, 30177 Hannover, Deutschland",https://www.taebel.de/,True,True,17,True,1804,True,22.06.2009,ChIJ5xY2DLoMsEcR-95LC8XSlOg,4.3,15,30,Website sehr alt (17 Jahre) (+25) | Telefon bekannt (+5),2026-05-28,neu
Mundt Haustechnik GmbH,Klempner,0511 54328120,,"Kronsbergstraße 19, 30880 Laatzen, Deutschland",http://haustechnik.mundt.de/,True,True,,False,2401,True,,ChIJQ3neRmcKsEcRGwsd8PHk0E4,4,82,30,Kein HTTPS (+10) | Langsam (2401ms) (+5) | Viele Bewertungen (82) (+10) | Telefon bekannt (+5),2026-05-28,neu
Fahlbusch Dach-Wand-Klempner GmbH,Klempner,0511 3520978,,"Emil-Meyer-Straße 10, 30165 Hannover, Deutschland",http://www.dach-hannover.de/,True,True,,False,5917,True,,ChIJgVjQ7GBzsEcRywUwTooIPMM,5,2,30,Kein HTTPS (+10) | Sehr langsam (5917ms) (+10) | Sehr gute Bewertung (+5) | Telefon bekannt (+5),2026-05-28,neu
Mathias Mehmke Installateur- & Heizungsbauermeister,Installateur,0511 8665315,,"Zum Wiehegraben 15, 30519 Hannover, Deutschland",https://mehmke-shk.de/,True,True,3,True,1217,False,14.12.2023,ChIJP2z19RELsEcR2l6GFifzXug,5,29,30,Nicht mobilfreundlich (+15) | Gute Aktivität (29 Bewertungen) (+5) | Sehr gute Bewertung (+5) | Telefon bekannt (+5),2026-05-28,neu
Munzert Sanitärinstallation GmbH - Badsanierung Hannover,Installateur,0176 36308534,,"Kopernikusstraße 7B, 30167 Hannover, Deutschland",https://munzert-sanitaer.de/,True,True,7,True,1134,True,22.08.2019,ChIJ56sG6FtxsEcRjSTaygmkv-s,5,32,30,Website veraltet (7 Jahre) (+15) | Gute Aktivität (32 Bewertungen) (+5) | Sehr gute Bewertung (+5) | Telefon bekannt (+5),2026-05-28,neu
Tom Carter GmbH,Installateur,0511 86029300,,"Mönckebergallee 8, 30453 Hannover, Deutschland",http://www.carter-shk.de/,True,True,2,False,3174,True,25.07.2024,ChIJBy-ATRbhnUcRIVZiHnabw_o,5,17,30,Kein HTTPS (+10) | Sehr langsam (3174ms) (+10) | Sehr gute Bewertung (+5) | Telefon bekannt (+5),2026-05-28,neu
Taebel Inh. Martin Rose e. K.,Installateur,0511 697079,,"Hebbelstraße 1, 30177 Hannover, Deutschland",https://www.taebel.de/,True,True,17,True,1731,True,22.06.2009,ChIJ5xY2DLoMsEcR-95LC8XSlOg,4.3,15,30,Website sehr alt (17 Jahre) (+25) | Telefon bekannt (+5),2026-05-28,neu
Malerbetrieb Jörg Scholz | Hannover,Maler,0177 8131012,,"Dieckbornstraße 49, 30449 Hannover, Deutschland",http://www.maler-jscholz.de/,True,True,,False,3247,True,,ChIJ38aHuqF1sEcRIMgQtiZGWyU,5,11,30,Kein HTTPS (+10) | Sehr langsam (3247ms) (+10) | Sehr gute Bewertung (+5) | Telefon bekannt (+5),2026-05-28,neu
Malereibetrieb Kammerer,Maler,0511 212121,,"Weißenburgstraße 7, 30161 Hannover, Deutschland",http://www.malereibetrieb-kammerer.de/,True,True,,False,10518,True,,ChIJj9ZEeVhzsEcRhLlkmU702aE,4.8,19,30,Kein HTTPS (+10) | Sehr langsam (10518ms) (+10) | Sehr gute Bewertung (+5) | Telefon bekannt (+5),2026-05-28,neu
Malermeister Dieter Petersen,Maler,0172 5111589,,"Sutelstraße 73A, 30659 Hannover, Deutschland",http://www.petersen-malermeister.de/,True,True,,False,3560,True,,ChIJPc64duwMsEcRAITlUBSpdqo,5,10,30,Kein HTTPS (+10) | Sehr langsam (3560ms) (+10) | Sehr gute Bewertung (+5) | Telefon bekannt (+5),2026-05-28,neu
Malermeister Petersen,Maler,0511 5905536,,"Burgwedeler Str. 100, 30657 Hannover, Deutschland",http://www.petersen-malermeister.de/,True,True,,False,3128,True,,ChIJv4kXBOcMsEcR3bf65ZqIrz0,5,3,30,Kein HTTPS (+10) | Sehr langsam (3128ms) (+10) | Sehr gute Bewertung (+5) | Telefon bekannt (+5),2026-05-28,neu
Malermeister Raimund Kowolik,Maler,0511 4372195,,"Lemförder Str. 8A, 30169 Hannover, Deutschland",https://malermeister-kowolik.de/,True,True,3,True,2674,False,08.06.2023,ChIJZb5hFhR1sEcRvS-ovz0CYt4,5,5,30,Nicht mobilfreundlich (+15) | Langsam (2674ms) (+5) | Sehr gute Bewertung (+5) | Telefon bekannt (+5),2026-05-28,neu
Ambrock GmbH | Malerarbeiten & Betoninstandsetzung Hannover,Maler,0511 6766670,,"Wohlenbergstraße 4D, 30179 Hannover, Deutschland",https://ambrock.de/,True,True,22,True,1328,True,05.12.2004,ChIJRZaNf-JzsEcR0-RgPYUBwYI,3.7,15,30,Website sehr alt (22 Jahre) (+25) | Telefon bekannt (+5),2026-05-28,neu
Marc Lenarz Malermeister,Maler,0511 494190,,"Badenstedter Str. 80, 30453 Hannover, Deutschland",https://malerfinder.de/hannover/13565-marc-lenarz-malermeister,True,True,15,True,1824,True,01.05.2011,ChIJFX4fuPd0sEcRZ1wsp-UyOrs,3.7,3,30,Website sehr alt (15 Jahre) (+25) | Telefon bekannt (+5),2026-05-28,neu
METHE Fliesen GmbH,Fliesenleger,0511 774005,,"Bogenstraße 12, 30165 Hannover, Deutschland",https://www.methe-fliesen.de/,True,True,14,True,1495,True,02.04.2012,ChIJoQGtdJ9zsEcRqsCDpTrS-fA,4.4,7,30,Website sehr alt (14 Jahre) (+25) | Telefon bekannt (+5),2026-05-28,neu
Design Bau-Profi Kafexholli,Fliesenleger,0170 9656297,,"Walsroder Str. 305, 30855 Langenhagen, Deutschland",http://designbauprofi-kafexholli.de/,True,True,1,False,5107,True,16.04.2025,ChIJLYhjuFpzsEcRT-wq39opJvE,5,19,30,Kein HTTPS (+10) | Sehr langsam (5107ms) (+10) | Sehr gute Bewertung (+5) | Telefon bekannt (+5),2026-05-28,neu
Marmor Bosek,Fliesenleger,0162 4209900,,"Oldenburger Allee 15, 30659 Hannover, Deutschland",http://marmor-bosek.de/,True,True,,False,3449,True,,ChIJZQSEpHkLsEcRdoPj4v6FDxc,5,6,30,Kein HTTPS (+10) | Sehr langsam (3449ms) (+10) | Sehr gute Bewertung (+5) | Telefon bekannt (+5),2026-05-28,neu
Rafal Olubinski - Fliesenleger & Innenausbau,Fliesenleger,01522 9328227,,"Breite Riede 42, 31275 Lehrte, Deutschland",http://www.remgres.de/,True,True,,False,3858,True,,ChIJTQTjhWgWJQwRKl3lZzN5Y7k,5,14,30,Kein HTTPS (+10) | Sehr langsam (3858ms) (+10) | Sehr gute Bewertung (+5) | Telefon bekannt (+5),2026-05-28,neu
Estrich-Meister Ludwig GmbH,Fliesenleger,0511 8437377,,"Algermissener Str. 8, 30519 Hannover, Deutschland",https://estrich-meisterludwig.de/,True,True,7,True,1972,True,16.07.2019,ChIJ2_k0YFYKsEcRWoDS2UaRmCg,5,29,30,Website veraltet (7 Jahre) (+15) | Gute Aktivität (29 Bewertungen) (+5) | Sehr gute Bewertung (+5) | Telefon bekannt (+5),2026-05-28,neu
"Fliesen-, Platten- und Mosaikleger Guido Bracht - Burgdorf",Fliesenleger,05136 9764255,,"Im Dorfe 1A, 31303 Burgdorf, Deutschland",https://bracht-fliesen.de/,True,True,6,True,2087,True,14.08.2020,ChIJYw4B02ARsEcRhxbR6RdzyW8,5,18,30,Website veraltet (6 Jahre) (+15) | Langsam (2087ms) (+5) | Sehr gute Bewertung (+5) | Telefon bekannt (+5),2026-05-28,neu
Dachschön - Dachdeckermeister Arin,Dachdecker,01573 0250458,,"Kleestraße 19, 30625 Hannover, Deutschland",http://www.dachschoen.de/,True,True,,False,2432,True,,ChIJszCTSgALsEcRUYXRFoO5IHk,5,27,30,Kein HTTPS (+10) | Langsam (2432ms) (+5) | Gute Aktivität (27 Bewertungen) (+5) | Sehr gute Bewertung (+5) | Telefon bekannt (+5),2026-05-28,neu
Fahlbusch Dach-Wand-Klempner GmbH,Dachdecker,0511 3520978,,"Emil-Meyer-Straße 10, 30165 Hannover, Deutschland",http://www.dach-hannover.de/,True,True,,False,5362,True,,ChIJgVjQ7GBzsEcRywUwTooIPMM,5,2,30,Kein HTTPS (+10) | Sehr langsam (5362ms) (+10) | Sehr gute Bewertung (+5) | Telefon bekannt (+5),2026-05-28,neu
Friedrich Bedachungen GmbH,Dachdecker,0511 2200240,,"Eupener Str. 35, 30519 Hannover, Deutschland",http://www.friedrich-bedachungen.de/,True,True,,False,3235,True,,ChIJjxZvhAQLsEcR0HReavva56E,3.7,34,30,Kein HTTPS (+10) | Sehr langsam (3235ms) (+10) | Gute Aktivität (34 Bewertungen) (+5) | Telefon bekannt (+5),2026-05-28,neu
Hannover Nord Bau GmbH,Dachdecker,05137 9377940,,"Werftstraße 24, 30926 Seelze, Deutschland",https://hannover-nordbau.de/,True,True,4,True,1429,False,02.12.2022,ChIJhWPvAhV3sEcRxlEf0JF5JNs,4.8,23,30,Nicht mobilfreundlich (+15) | Gute Aktivität (23 Bewertungen) (+5) | Sehr gute Bewertung (+5) | Telefon bekannt (+5),2026-05-28,neu
Kaiser + Gent GmbH&Co.KG,Schreiner,0511 2609000,,"Ikarusallee 8B, 30179 Hannover, Deutschland",http://www.kaiser-gent.de/,True,True,,False,3797,True,,ChIJh45DFCVzsEcR85I3lnksTKg,5,2,30,Kein HTTPS (+10) | Sehr langsam (3797ms) (+10) | Sehr gute Bewertung (+5) | Telefon bekannt (+5),2026-05-28,neu
Christoph Capellmann,Schreiner,0511 498061,,"Bartweg 20, 30453 Hannover, Deutschland",https://www.tischlerei-in-hannover.de/,True,True,8,True,1317,True,18.06.2018,ChIJ9YsrSVh0sEcRvQK4lfhivw8,3.5,8,30,Website sehr alt (8 Jahre) (+25) | Telefon bekannt (+5),2026-05-28,neu
Bau- u. Möbeltischlerei dos Santos,Schreiner,0511 64211941,,"Wohlenbergstraße 6, 30179 Hannover, Deutschland",https://www.tischlerei-dossantos.de/,True,True,8,True,1152,True,14.09.2018,ChIJCcWI_RBzsEcRvPfq-9z1g5Y,4.4,11,30,Website sehr alt (8 Jahre) (+25) | Telefon bekannt (+5),2026-05-28,neu
Tischlerei Nolte,Schreiner,0177 2927388,,"Große Barlinge 65, 30171 Hannover, Deutschland",https://tischlerei-nolte.de/kontakt,True,True,22,True,1299,True,11.12.2004,ChIJZce940kLsEcRv1kTTUuIwfo,0.0,0,30,Website sehr alt (22 Jahre) (+25) | Telefon bekannt (+5),2026-05-28,neu
steen t. brode,Schreiner,0511 881837,,"Feldstraße 3, 30171 Hannover, Deutschland",https://www.steen-t-brode.de/,True,True,21,True,999,True,04.02.2005,ChIJeXRjRDULsEcRHL64obAuZek,0.0,0,30,Website sehr alt (21 Jahre) (+25) | Telefon bekannt (+5),2026-05-28,neu
GTM Dobrinski GmbH,Heizungsbauer,0511 2792760,,"Geibelstraße 2, 30173 Hannover, Deutschland",http://www.gtm-dobrinski.de/,True,True,,False,1091,True,,ChIJcTtJezYLsEcRICXv8gMvQu4,4.6,51,30,Kein HTTPS (+10) | Viele Bewertungen (51) (+10) | Sehr gute Bewertung (+5) | Telefon bekannt (+5),2026-05-28,neu
Munzert Sanitärinstallation GmbH - Badsanierung Hannover,Heizungsbauer,0176 36308534,,"Kopernikusstraße 7B, 30167 Hannover, Deutschland",https://munzert-sanitaer.de/,True,True,7,True,1067,True,22.08.2019,ChIJ56sG6FtxsEcRjSTaygmkv-s,5,32,30,Website veraltet (7 Jahre) (+15) | Gute Aktivität (32 Bewertungen) (+5) | Sehr gute Bewertung (+5) | Telefon bekannt (+5),2026-05-28,neu
Herden & Köllner Haustechnik GmbH & Co. KG,Heizungsbauer,0511 86655944,,"Zeißstraße 83, 30519 Hannover, Deutschland",http://www.hk-haustechnik.de/,True,True,,False,3727,True,,ChIJt8-ImhsLsEcRr0UZBgr4Tyk,4.2,47,30,Kein HTTPS (+10) | Sehr langsam (3727ms) (+10) | Gute Aktivität (47 Bewertungen) (+5) | Telefon bekannt (+5),2026-05-28,neu
TrioSan Hannover,Heizungsbauer,0511 90121314,,"Schulenburger Landstraße 134, 30165 Hannover, Deutschland",http://triosan-hannover.de/,True,True,2,False,1644,True,03.03.2024,ChIJ8XsVPehzsEcRDJq-r0qHfOU,4.7,84,30,Kein HTTPS (+10) | Viele Bewertungen (84) (+10) | Sehr gute Bewertung (+5) | Telefon bekannt (+5),2026-05-28,neu
Henry Völzer SKA Heizung und Sanitär,Heizungsbauer,05101 58019,,"Deisterstraße 27, 30966 Hemmingen, Deutschland",https://www.heizung-sanitaer-hannover.de/,True,True,,True,3510,True,,ChIJz1d9oAmgukcRYDCnPu6cHWA,4.7,53,30,Sehr langsam (3510ms) (+10) | Viele Bewertungen (53) (+10) | Sehr gute Bewertung (+5) | Telefon bekannt (+5),2026-05-28,neu
Schöne Bäder Heizung - Sanitär - Klima - Lüftung | Hannover,Sanitär,0162 6909009,,"Alter Flughafen 21, 30179 Hannover, Deutschland",http://www.sbh-baeder.com/,True,True,1,False,2999,True,20.02.2025,ChIJk4XsFNZzsEcRttTmAq5HYTo,5,34,30,Kein HTTPS (+10) | Langsam (2999ms) (+5) | Gute Aktivität (34 Bewertungen) (+5) | Sehr gute Bewertung (+5) | Telefon bekannt (+5),2026-05-28,neu
Munzert Sanitärinstallation GmbH - Badsanierung Hannover,Sanitär,0176 36308534,,"Kopernikusstraße 7B, 30167 Hannover, Deutschland",https://munzert-sanitaer.de/,True,True,7,True,1148,True,22.08.2019,ChIJ56sG6FtxsEcRjSTaygmkv-s,5,32,30,Website veraltet (7 Jahre) (+15) | Gute Aktivität (32 Bewertungen) (+5) | Sehr gute Bewertung (+5) | Telefon bekannt (+5),2026-05-28,neu
GTM Dobrinski GmbH,Sanitär,0511 2792760,,"Geibelstraße 2, 30173 Hannover, Deutschland",http://www.gtm-dobrinski.de/,True,True,,False,1066,True,,ChIJcTtJezYLsEcRICXv8gMvQu4,4.6,51,30,Kein HTTPS (+10) | Viele Bewertungen (51) (+10) | Sehr gute Bewertung (+5) | Telefon bekannt (+5),2026-05-28,neu
SHK GmbH Sanitär Heizung Klima,Sanitär,0511 830051,,"Landwehrstraße 68, 30519 Hannover, Deutschland",https://www.shk-hannover.de/,True,True,,True,2110,False,,ChIJQekCzd4KsEcRQmIKo8txyyI,4.9,10,30,Nicht mobilfreundlich (+15) | Langsam (2110ms) (+5) | Sehr gute Bewertung (+5) | Telefon bekannt (+5),2026-05-28,neu
Lister Badstudio,Sanitär,0511 624590,,"Voßstraße 44, 30161 Hannover, Deutschland",http://www.listerbadstudio.de/,True,True,,False,2375,True,,ChIJmSZD0PFzsEcRSmYvlbAosKc,5,41,30,Kein HTTPS (+10) | Langsam (2375ms) (+5) | Gute Aktivität (41 Bewertungen) (+5) | Sehr gute Bewertung (+5) | Telefon bekannt (+5),2026-05-28,neu
LM Trockenbau | Hannover,Trockenbau,0511 12270850,,"Davenstedter Str. 123, 30453 Hannover, Deutschland",http://lm-trockenbau.com/,True,True,,False,3576,True,,ChIJ8woYwsJ0sEcR9oWjZhI2CCA,5,4,30,Kein HTTPS (+10) | Sehr langsam (3576ms) (+10) | Sehr gute Bewertung (+5) | Telefon bekannt (+5),2026-05-28,neu
Inovativ Sanierungen Hannover - Immobilien Sanierungen Renovierung Bodenleger Fliesenarbeiten Trockenbau & Raumausstatter,Trockenbau,01522 2639042,,"Große Barlinge 67, 30171 Hannover, Deutschland",http://www.inovativsanierungen.de/,True,True,,False,8182,True,,ChIJcUAwvrUCIGURPtjvN3ZKYe0,4.9,9,30,Kein HTTPS (+10) | Sehr langsam (8182ms) (+10) | Sehr gute Bewertung (+5) | Telefon bekannt (+5),2026-05-28,neu
RKG Baupartner GmbH,Trockenbau,0511 89709440,,"Warmbüchenstraße 30, 30159 Hannover, Deutschland",http://www.rkg-baupartner.de/,True,True,,False,6629,True,,ChIJyUm1ILN0sEcRnZiXjaP2Ne4,5,8,30,Kein HTTPS (+10) | Sehr langsam (6629ms) (+10) | Sehr gute Bewertung (+5) | Telefon bekannt (+5),2026-05-28,neu
Akustik und Trockenbau,Trockenbau,01522 9591944,,"Henckellweg 4, 30459 Hannover, Deutschland",http://is-trockenbau.de/,True,True,,False,1073,False,,ChIJrT5WFth0sEcRafMv92z4WAc,0.0,0,30,Kein HTTPS (+10) | Nicht mobilfreundlich (+15) | Telefon bekannt (+5),2026-05-28,neu
Rolf Burmeister,Trockenbau,0511 496911,,"Fränkische Str. 14 A, 30455 Hannover, Deutschland",http://www.rbth.de/,True,True,,False,1913,False,,ChIJ79U7HnB0sEcR7yin6qZ52eI,3.7,3,30,Kein HTTPS (+10) | Nicht mobilfreundlich (+15) | Telefon bekannt (+5),2026-05-28,neu
Rolf Burmeister Trockenbau,Trockenbau,0511 496911,,"Wunstorfer Str. 130, 30453 Hannover, Deutschland",http://www.rbth.de/,True,True,,False,1694,False,,ChIJ79U7HnB0sEcRxCcm2ShCdV4,0.0,0,30,Kein HTTPS (+10) | Nicht mobilfreundlich (+15) | Telefon bekannt (+5),2026-05-28,neu
AKV-Fenster-Fassaden-Technik GmbH & Co. KG,Fenster und Türen,0511 47315060,,"Eckenerstraße 8, 30179 Hannover, Deutschland",http://www.akv-fenster.de/,True,True,,False,4757,True,,ChIJc5NBVyNzsEcReQqoJEMe4uA,5,5,30,Kein HTTPS (+10) | Sehr langsam (4757ms) (+10) | Sehr gute Bewertung (+5) | Telefon bekannt (+5),2026-05-28,neu
Bölsche Glas- und Bauelemente Inh.: Florian Kellner,Fenster und Türen,0511 6497472,,"Stargarder Weg 2A, 30659 Hannover, Deutschland",https://www.boelsche-glas.de/startseite/,True,True,,True,6426,True,,ChIJEYZPO8IMsEcRqeLLIBM3fig,4.5,63,30,Sehr langsam (6426ms) (+10) | Viele Bewertungen (63) (+10) | Sehr gute Bewertung (+5) | Telefon bekannt (+5),2026-05-28,neu
Direk-Montaj in Hannover,Fenster und Türen,01512 0509284,,"Pfarrstraße 34, 30459 Hannover, Deutschland",http://www.direk-montaj.de/,True,True,,False,3100,True,,ChIJASqkZi91sEcRiswegRJ7oqs,5,2,30,Kein HTTPS (+10) | Sehr langsam (3100ms) (+10) | Sehr gute Bewertung (+5) | Telefon bekannt (+5),2026-05-28,neu
Valentin Schmidt - Inneneinrichtungen • Bauelemente GmbH & Co. KG,Fenster und Türen,0511 939440,,"Rehagen 42, 30165 Hannover, Deutschland",http://www.valentinschmidt.de/,True,True,,False,3359,True,,ChIJS2vbEp5zsEcRCjPE-XE7SaM,5,5,30,Kein HTTPS (+10) | Sehr langsam (3359ms) (+10) | Sehr gute Bewertung (+5) | Telefon bekannt (+5),2026-05-28,neu
Gleue + Willeke Metallbau GmbH,Fenster und Türen,05137 14020,,"Kochslandweg 24, 30823 Garbsen, Deutschland",http://www.gleue-und-willeke.de/,True,True,,False,8396,True,,ChIJu9DSwcNwsEcRE67sHY34bRw,5,10,30,Kein HTTPS (+10) | Sehr langsam (8396ms) (+10) | Sehr gute Bewertung (+5) | Telefon bekannt (+5),2026-05-28,neu
Burckhardt Metall Glas GmbH,Fenster und Türen,05136 886460,,"Tischlerstraße 9, 30916 Isernhagen, Deutschland",http://www.burckhardts.de/,True,True,,False,6934,True,,ChIJBUyyi-cNsEcRa0jND5S1cWI,4.8,4,30,Kein HTTPS (+10) | Sehr langsam (6934ms) (+10) | Sehr gute Bewertung (+5) | Telefon bekannt (+5),2026-05-28,neu
Eidmann Erd- u. Gartenbau GmbH,Gartenbau,0511 830530,,"Vor d. Seelhorst 62, 30519 Hannover, Deutschland",http://www.eidmann-gmbh.de/,True,True,,False,4930,True,,ChIJrQ_FEgYLsEcRjkNfczcNPcE,4.2,20,30,Kein HTTPS (+10) | Sehr langsam (4930ms) (+10) | Gute Aktivität (20 Bewertungen) (+5) | Telefon bekannt (+5),2026-05-28,neu
Gärtnerei Rechter GbR,Gartenbau,0511 65870,,"Burgwedeler Str. 62, 30657 Hannover, Deutschland",http://www.rechter-hannover.de/,True,True,,False,2589,True,,ChIJhaTFIuAMsEcR6lMeucPImVE,4.4,59,30,Kein HTTPS (+10) | Langsam (2589ms) (+5) | Viele Bewertungen (59) (+10) | Telefon bekannt (+5),2026-05-28,neu
MK Service GmbH,Reinigungsfirma,0511 84400270,,"Seestraße 25, 30171 Hannover, Deutschland",https://m-k-service.com/,True,True,,True,3365,True,,ChIJbQH32G8NsEcRLM7IQGZzy4E,5,136,30,Sehr langsam (3365ms) (+10) | Viele Bewertungen (136) (+10) | Sehr gute Bewertung (+5) | Telefon bekannt (+5),2026-05-28,neu
Hoteit Gebäudereinigung,Reinigungsfirma,0511 10537602,,"Halkettstraße 13, 30165 Hannover, Deutschland",http://hoteit-gebaeudereinigung.de/,True,True,,False,2030,True,,ChIJYXWxWC5zsEcRF6GLgXZ0A-k,4.9,44,30,Kein HTTPS (+10) | Langsam (2030ms) (+5) | Gute Aktivität (44 Bewertungen) (+5) | Sehr gute Bewertung (+5) | Telefon bekannt (+5),2026-05-28,neu
KAYA Gebäudemanagement,Reinigungsfirma,0162 1795422,,"Richard-Lattorf-Straße 25, 30453 Hannover, Deutschland",http://www.kayaservices.de/,True,True,,False,4361,True,,ChIJ234m_WV1sEcRkTtxVFN8hMc,5,12,30,Kein HTTPS (+10) | Sehr langsam (4361ms) (+10) | Sehr gute Bewertung (+5) | Telefon bekannt (+5),2026-05-28,neu
KÖTTER Cleaning,Reinigungsfirma,0511 9651250,,"Pelikanstraße 13, 30177 Hannover, Deutschland",http://www.koetter.de/cleaning-hannover,True,True,,False,3647,True,,ChIJb73aE1RzsEcR0ktWbjWhaVE,5,3,30,Kein HTTPS (+10) | Sehr langsam (3647ms) (+10) | Sehr gute Bewertung (+5) | Telefon bekannt (+5),2026-05-28,neu
Krüger & Krüger Facility Services GmbH,Reinigungsfirma,0511 16597101,,"Vahrenwalder Str. 28, 30161 Hannover, Deutschland",http://www.krueger-services.de/gebaeudereinigung-hannover,True,True,,False,3349,True,,ChIJrxpxrFhzsEcR2g0qE2ufQrk,5,2,30,Kein HTTPS (+10) | Sehr langsam (3349ms) (+10) | Sehr gute Bewertung (+5) | Telefon bekannt (+5),2026-05-28,neu
RM Gebäudereinigung,Reinigungsfirma,0511 1234297,,"Am Soltekampe 120, 30455 Hannover, Deutschland",http://rm-hannover.de/,True,True,,False,2988,True,,ChIJIRtQHcR1sEcRnodazCU7RGE,5,20,30,Kein HTTPS (+10) | Langsam (2988ms) (+5) | Gute Aktivität (20 Bewertungen) (+5) | Sehr gute Bewertung (+5) | Telefon bekannt (+5),2026-05-28,neu
Objektmanagement Hannover - Søren Schmidt,Reinigungsfirma,0511 33652080,,"Berliner Allee 12a, 30175 Hannover, Deutschland",http://www.objektmanagement-hannover.de/,True,True,,False,4111,True,,ChIJW0FW39hwsEcRDUykBhU-CYE,5,7,30,Kein HTTPS (+10) | Sehr langsam (4111ms) (+10) | Sehr gute Bewertung (+5) | Telefon bekannt (+5),2026-05-28,neu
✅ Fensterputzer Hannover 🥇,Reinigungsfirma,0511 64205651,,"Davenstedter Str. 60, 30453 Hannover, Deutschland",http://www.mcwindow.de/,True,True,,False,2515,True,,ChIJ2dl2rBF1sEcRW1vvgpP4j8w,5,22,30,Kein HTTPS (+10) | Langsam (2515ms) (+5) | Gute Aktivität (22 Bewertungen) (+5) | Sehr gute Bewertung (+5) | Telefon bekannt (+5),2026-05-28,neu
Gebäudereinigung 24 GmbH,Reinigungsfirma,0511 64669261,,"Leonhardtstraße 3, 30175 Hannover, Deutschland",http://bauendreinigung24.de/,True,True,,False,5688,True,,ChIJB152o610sEcRo7ils6RaUVU,5,9,30,Kein HTTPS (+10) | Sehr langsam (5688ms) (+10) | Sehr gute Bewertung (+5) | Telefon bekannt (+5),2026-05-28,neu
Schlüsseldienst Hannover Yapar,Schlüsseldienst,01520 7924483,,"Perlstraße 2, 30161 Hannover, Deutschland",https://yapar-schluesseldienst.de/,True,True,,True,4183,True,,ChIJJZ771WELsEcRaNi3O1PBggA,5,376,30,Sehr langsam (4183ms) (+10) | Viele Bewertungen (376) (+10) | Sehr gute Bewertung (+5) | Telefon bekannt (+5),2026-05-28,neu
Calenberger Schlüsseldienst - 24 h Notdienst,Schlüsseldienst,0511 131436,,"Goethestraße 39, 30169 Hannover, Deutschland",https://www.schluesseldienst-hannover.eu/,True,True,,True,3351,True,,ChIJwSG6ubN1sEcRsxJ4U4Kvwb4,4.8,251,30,Sehr langsam (3351ms) (+10) | Viele Bewertungen (251) (+10) | Sehr gute Bewertung (+5) | Telefon bekannt (+5),2026-05-28,neu
Autoschlüssel Zahed,Schlüsseldienst,0163 5727357,,"Badenstedter Str. 185, 30455 Hannover, Deutschland",http://www.autoschluessel-hannover.de/,True,True,,False,1956,True,,ChIJPbw2Wjx1sEcRLxX66wrrVSE,4.8,418,30,Kein HTTPS (+10) | Viele Bewertungen (418) (+10) | Sehr gute Bewertung (+5) | Telefon bekannt (+5),2026-05-28,neu
Aktuell Schlossnotdienst & Schlüsseldienst K. Klose e. K.,Schlüsseldienst,0511 9586834,,"An d. Johanniskirche 10, 30629 Hannover, Deutschland",http://www.schluesseldienst24std.de/,True,True,,False,1995,True,,ChIJdcFZly1zsEcR_jLw7zufXlA,4.9,59,30,Kein HTTPS (+10) | Viele Bewertungen (59) (+10) | Sehr gute Bewertung (+5) | Telefon bekannt (+5),2026-05-28,neu
Schlüsseldienst Doghmane,Schlüsseldienst,0511 9823848,,"Hildesheimer Str. 52, 30880 Laatzen, Deutschland",http://www.schluesseldienst-doghmane.de/,True,True,,False,1192,True,,ChIJw2fLTQQ4ZUERWso28G9rexc,4.9,63,30,Kein HTTPS (+10) | Viele Bewertungen (63) (+10) | Sehr gute Bewertung (+5) | Telefon bekannt (+5),2026-05-28,neu
Wantosch Elektroinstallationen GmbH,Elektriker,0511 586234,,"Am Seelberg 24A, 30629 Hannover, Deutschland",https://www.elektro-wantosch.de/,True,True,6,True,1292,True,21.09.2020,ChIJ79J-U20MsEcRZWSiseNWNBc,4.8,18,25,Website veraltet (6 Jahre) (+15) | Sehr gute Bewertung (+5) | Telefon bekannt (+5),2026-05-28,neu
Dirk Özbek Elektromeisterbetrieb,Elektriker,0511 371246,,"Philipsbornstraße 29, 30165 Hannover, Deutschland",http://www.ihr-elektriker-hannover.de/,True,True,,False,1355,True,,ChIJWcpyAF5zsEcR9I6PPN1oY34,4.6,22,25,Kein HTTPS (+10) | Gute Aktivität (22 Bewertungen) (+5) | Sehr gute Bewertung (+5) | Telefon bekannt (+5),2026-05-28,neu
Dietmar Möller Elektromeister GmbH & Co. KG,Elektriker,0511 884533,,"Raimundstraße 8, 30173 Hannover, Deutschland",http://www.dietmar-moeller-elektromeister.de/,True,True,,False,2086,True,,ChIJhU2Q4zMLsEcRQlBI2qBYZRQ,4.7,15,25,Kein HTTPS (+10) | Langsam (2086ms) (+5) | Sehr gute Bewertung (+5) | Telefon bekannt (+5),2026-05-28,neu
Fitztec,Elektriker,0511 91163968,,"Sorststraße 11, 30165 Hannover, Deutschland",https://fitztec.de/,True,True,4,True,3237,True,04.01.2022,ChIJl18DmNkNE28RhUT2Ip8K-Zw,4.8,26,25,Sehr langsam (3237ms) (+10) | Gute Aktivität (26 Bewertungen) (+5) | Sehr gute Bewertung (+5) | Telefon bekannt (+5),2026-05-28,neu
Röhler Elektrotechnik GmbH,Elektriker,0511 969910,,"Mogelkenstraße 34, 30165 Hannover, Deutschland",https://roehler-elektrotechnik.com/,True,True,,True,1382,False,,ChIJsYboOCNzsEcRbnBpSUlJ3Rs,5,11,25,Nicht mobilfreundlich (+15) | Sehr gute Bewertung (+5) | Telefon bekannt (+5),2026-05-28,neu
Wilhelm Buermann GmbH,Klempner,0511 423833,,"Am Holunder 58A, 30459 Hannover, Deutschland",http://www.buermann-gmbh.de/,True,True,,False,725,True,,ChIJNxZYHxl1sEcREX-sbLCKevY,4.5,40,25,Kein HTTPS (+10) | Gute Aktivität (40 Bewertungen) (+5) | Sehr gute Bewertung (+5) | Telefon bekannt (+5),2026-05-28,neu
"Gas, Wasser, Heizung Lippa in Hannover",Klempner,0511 868811,,"Berckhusenstraße 59, 30625 Hannover, Deutschland",https://www.lippa-kupsch.de/,True,True,6,True,2740,True,12.08.2020,ChIJi3MxI4M5ZUERNrl_yr3LiVE,4.2,17,25,Website veraltet (6 Jahre) (+15) | Langsam (2740ms) (+5) | Telefon bekannt (+5),2026-05-28,neu
Elmosa & Klein GmbH,Klempner,0511 1690655,,"Bogenstraße 5, 30165 Hannover, Deutschland",http://www.elmosa-klein.de/,True,True,,False,3024,True,,ChIJgYXUiJ10sEcRXisVgQHiuGg,4.3,16,25,Kein HTTPS (+10) | Sehr langsam (3024ms) (+10) | Telefon bekannt (+5),2026-05-28,neu
PULAJ - Gebäudetechnik GmbH,Klempner,0511 26159413,,"Nenndorfer Ch 18, 30453 Hannover, Deutschland",https://shk-pulaj.de/,True,True,4,True,1482,False,05.02.2022,ChIJ3fG9uOl0sEcRGgf7YWr-m3k,5,4,25,Nicht mobilfreundlich (+15) | Sehr gute Bewertung (+5) | Telefon bekannt (+5),2026-05-28,neu
Wilhelm Buermann GmbH,Installateur,0511 423833,,"Am Holunder 58A, 30459 Hannover, Deutschland",http://www.buermann-gmbh.de/,True,True,,False,765,True,,ChIJNxZYHxl1sEcREX-sbLCKevY,4.5,40,25,Kein HTTPS (+10) | Gute Aktivität (40 Bewertungen) (+5) | Sehr gute Bewertung (+5) | Telefon bekannt (+5),2026-05-28,neu
Franke install GmbH,Installateur,0511 561884,,"Uhlandstraße 20, 30629 Hannover, Deutschland",https://install-gmbh.de/,True,True,,True,1503,False,,ChIJeyzRH2wMsEcR-P8gdqb9P0o,4.8,5,25,Nicht mobilfreundlich (+15) | Sehr gute Bewertung (+5) | Telefon bekannt (+5),2026-05-28,neu
Klimatherm GmbH & Co. KG,Installateur,0511 5435160,,"Flüggestraße 3, 30161 Hannover, Deutschland",http://www.klimatherm.com/,True,True,,False,1354,True,,ChIJcSHOsqt0sEcRnnvEhGlRuoE,4.7,29,25,Kein HTTPS (+10) | Gute Aktivität (29 Bewertungen) (+5) | Sehr gute Bewertung (+5) | Telefon bekannt (+5),2026-05-28,neu
Color Mundo - Malermeisterbetrieb,Maler,01578 6844788,,"Ricklinger Stadtweg 4A, 30459 Hannover, Deutschland",http://www.maler-colormundo.de/,True,True,,False,1972,True,,ChIJAzWQPp11sEcRJeWK7TeE4dY,5,27,25,Kein HTTPS (+10) | Gute Aktivität (27 Bewertungen) (+5) | Sehr gute Bewertung (+5) | Telefon bekannt (+5),2026-05-28,neu
"HDS Maler in Hannover. HDS Malereibetrieb GmbH Hannover / Malerbetrieb, Malerfachbetrieb Hannover",Maler,0511 5547332,,"Kirchröder Str. 99, 30625 Hannover, Deutschland",http://www.hds-hannover.com/,True,True,,False,2302,True,,ChIJeVB8_2ULsEcRzDFPDVVzYkk,4.3,23,25,Kein HTTPS (+10) | Langsam (2302ms) (+5) | Gute Aktivität (23 Bewertungen) (+5) | Telefon bekannt (+5),2026-05-28,neu
"Malermeister Kramer - Maler- & Tapezierarbeiten, Bodenbelag, Dämmung, Fassadengestaltung, Fahrbahnmarkierung",Maler,0511 343062,,"Roscherstraße 5, 30161 Hannover, Deutschland",http://www.malerkramer.de/,True,True,,False,2066,True,,ChIJGYoD_Kx0sEcR7W2V-YOBG5o,4.8,5,25,Kein HTTPS (+10) | Langsam (2066ms) (+5) | Sehr gute Bewertung (+5) | Telefon bekannt (+5),2026-05-28,neu
Malerbetrieb Gebrüder Maikowski GbR,Maler,0511 314441,,"Große Pfahlstraße 26, 30161 Hannover, Deutschland",http://seniorenmaler.de/,True,True,,False,2134,True,,ChIJexaUQql0sEcRP09YDF9jN8w,4.9,13,25,Kein HTTPS (+10) | Langsam (2134ms) (+5) | Sehr gute Bewertung (+5) | Telefon bekannt (+5),2026-05-28,neu
TM Maler & Fassadensanierung,Maler,0173 4175271,,"Harzburger Str. 12, 30419 Hannover, Deutschland",https://www.tm-deinmaler.de/,True,True,2,True,927,False,14.01.2024,ChIJC5rfGsKp6i4R55_T0-PZsjw,5,15,25,Nicht mobilfreundlich (+15) | Sehr gute Bewertung (+5) | Telefon bekannt (+5),2026-05-28,neu
Härtel & Kelle Malermeisterbetrieb GmbH. Maler in Hannover. Malereibetrieb Hannover,Maler,0511 311099,,"Kirchröder Str. 99, 30625 Hannover, Deutschland",http://www.maler-hannover.com/,True,True,,False,2540,True,,ChIJzT2f_JBysEcR4ybfPlC56Do,4.7,3,25,Kein HTTPS (+10) | Langsam (2540ms) (+5) | Sehr gute Bewertung (+5) | Telefon bekannt (+5),2026-05-28,neu
Malermeister Weber GmbH & Co. KG,Maler,0511 792212,,"Alte Stöckener Str. 48, 30419 Hannover, Deutschland",http://www.weberkg.de/,True,True,,False,2084,True,,ChIJ2--QOOFzsEcR7QjqBRHPZXc,4.1,38,25,Kein HTTPS (+10) | Langsam (2084ms) (+5) | Gute Aktivität (38 Bewertungen) (+5) | Telefon bekannt (+5),2026-05-28,neu
Jörg Leibelt,Maler,0511 885141,,"Große Barlinge 40, 30171 Hannover, Deutschland",https://malermeister-leibelt.de/,True,True,5,True,1696,True,04.03.2021,ChIJOaI9REoLsEcRm3eidQ8wcVM,5,1,25,Website veraltet (5 Jahre) (+15) | Sehr gute Bewertung (+5) | Telefon bekannt (+5),2026-05-28,neu
Trautner,Maler,0511 311831,,"Eichstraße 57, 30161 Hannover, Deutschland",http://www.hannover-malerbetrieb.de/,True,True,,False,2503,True,,ChIJpUnjvKt0sEcR1JEAydsi9Pg,5,2,25,Kein HTTPS (+10) | Langsam (2503ms) (+5) | Sehr gute Bewertung (+5) | Telefon bekannt (+5),2026-05-28,neu
Marc Bengsch Malereibetrieb,Maler,0171 9439316,,"Bömelburgstraße 12, 30165 Hannover, Deutschland",http://www.marcbengsch.de/,True,True,,False,2860,True,,ChIJgfo3r3pzsEcR28xPjR5UUL8,5,2,25,Kein HTTPS (+10) | Langsam (2860ms) (+5) | Sehr gute Bewertung (+5) | Telefon bekannt (+5),2026-05-28,neu
Ukaj Fliesenleger Hannover,Fliesenleger,0176 47756728,,"Alte Heide 15, 30657 Hannover, Deutschland",http://www.fliesen-ukaj.de/,True,True,3,False,1287,True,08.02.2023,ChIJWRw0nOENsEcRYiuBDVAMKqc,5,44,25,Kein HTTPS (+10) | Gute Aktivität (44 Bewertungen) (+5) | Sehr gute Bewertung (+5) | Telefon bekannt (+5),2026-05-28,neu
Smart Fliesenleger,Fliesenleger,0177 5448822,,"Edwin-Oppler-Weg 4, 30167 Hannover, Deutschland",https://www.smart-fliesen.de/,True,True,5,True,627,True,23.12.2021,ChIJUbf-Li4Y_AoRqvW8makJTLI,5,6,25,Website veraltet (5 Jahre) (+15) | Sehr gute Bewertung (+5) | Telefon bekannt (+5),2026-05-28,neu
Ronnenberger Fliesen,Fliesenleger,01577 3974227,,"Kantstraße 6, 30952 Ronnenberg, Deutschland",https://www.ronnenberger-fliesen.de/,True,True,4,True,3739,True,11.03.2022,ChIJd255jimfukcR1sVBzsVDUVo,4.9,28,25,Sehr langsam (3739ms) (+10) | Gute Aktivität (28 Bewertungen) (+5) | Sehr gute Bewertung (+5) | Telefon bekannt (+5),2026-05-28,neu
Bauservice Sokolowski | Hannover,Fliesenleger,0176 57900140,,"Auwiese 5, 30419 Hannover, Deutschland",https://bauservice-sokolowski.de/,True,True,2,True,3817,True,22.05.2024,ChIJj_RM0ItoYaMRyTZXyKIrbcE,5,24,25,Sehr langsam (3817ms) (+10) | Gute Aktivität (24 Bewertungen) (+5) | Sehr gute Bewertung (+5) | Telefon bekannt (+5),2026-05-28,neu
Stefan Rehberg Fliesenfachgeschäft,Fliesenleger,0511 610058,,"Ernst-Grote-Straße 45, 30916 Isernhagen, Deutschland",https://www.fliesen-rehberg.de/,True,True,,True,1016,False,,ChIJhSeIHaYNsEcROquQVvgcSDY,4.6,14,25,Nicht mobilfreundlich (+15) | Sehr gute Bewertung (+5) | Telefon bekannt (+5),2026-05-28,neu
Feilinger Naturstein Mosaik Fliesen Bad,Fliesenleger,0511 57000560,,"Krausenstraße 14, 30171 Hannover, Deutschland",http://www.feilinger.de/,True,True,,False,3491,True,,ChIJlyPM5zULsEcRo86gQKXU-vY,4.4,14,25,Kein HTTPS (+10) | Sehr langsam (3491ms) (+10) | Telefon bekannt (+5),2026-05-28,neu
Hannoversche Zimmerei & Dachdeckerei GmbH & Co. KG,Dachdecker,0511 5457212,,"Ringstraße 3, 30457 Hannover, Deutschland",http://www.hannoversche-zimmerei.de/,True,True,,False,2527,True,,ChIJx-JTGHVzsEcRDMI1mxd686s,3.9,49,25,Kein HTTPS (+10) | Langsam (2527ms) (+5) | Gute Aktivität (49 Bewertungen) (+5) | Telefon bekannt (+5),2026-05-28,neu
Ludwig Schwenger,Dachdecker,0511 511430,,"Döhrbruch 58, 30559 Hannover, Deutschland",http://www.ludwig-schwenger.de/,True,True,,False,2934,True,,ChIJtx41AtU7ZUERFq5vQihbDtg,4.9,9,25,Kein HTTPS (+10) | Langsam (2934ms) (+5) | Sehr gute Bewertung (+5) | Telefon bekannt (+5),2026-05-28,neu
Tischlerei Nicolas Beck,Schreiner,0178 4700244,,"Davenstedter Str. 40, 30449 Hannover, Deutschland",https://www.tischlerei-nicolas-beck.de/,True,True,2,True,10377,True,16.09.2024,ChIJL3uxbah1sEcR2Z_b1b1Wm3E,4.9,49,25,Sehr langsam (10377ms) (+10) | Gute Aktivität (49 Bewertungen) (+5) | Sehr gute Bewertung (+5) | Telefon bekannt (+5),2026-05-28,neu
Marwede AndreasTischlermeister,Schreiner,0511 421408,,"Kreipeweg 3, 30459 Hannover, Deutschland",http://www.tischlerei-marwede.de/,True,True,,False,2291,True,,ChIJefbaEUo4ZUER_ftDcZf5Rz0,4.9,9,25,Kein HTTPS (+10) | Langsam (2291ms) (+5) | Sehr gute Bewertung (+5) | Telefon bekannt (+5),2026-05-28,neu
Varioworx GmbH,Schreiner,0511 70034560,,"Uelzestraße 3-5, 30177 Hannover, Deutschland",http://varioworx-spanndecken.de/,True,True,,False,2068,True,,ChIJASpLzyd1sEcRrX1rIpjo74U,4.6,11,25,Kein HTTPS (+10) | Langsam (2068ms) (+5) | Sehr gute Bewertung (+5) | Telefon bekannt (+5),2026-05-28,neu
Arne Stüber Haustechnik GmbH,Heizungsbauer,0511 946770,,"An d. Feldmark 14 b, 30453 Hannover, Deutschland",http://www.stueber-haustechnik.de/,True,True,,False,2249,True,,ChIJHXUvr_90sEcR-CbOkSsMNg4,3.7,32,25,Kein HTTPS (+10) | Langsam (2249ms) (+5) | Gute Aktivität (32 Bewertungen) (+5) | Telefon bekannt (+5),2026-05-28,neu
PULAJ - Gebäudetechnik GmbH,Heizungsbauer,0511 26159413,,"Nenndorfer Ch 18, 30453 Hannover, Deutschland",https://shk-pulaj.de/,True,True,4,True,1328,False,05.02.2022,ChIJ3fG9uOl0sEcRGgf7YWr-m3k,5,4,25,Nicht mobilfreundlich (+15) | Sehr gute Bewertung (+5) | Telefon bekannt (+5),2026-05-28,neu
Ernst Martin & Co. GmbH,Heizungsbauer,0511 791019,,"Voltmerstraße 35A, 30165 Hannover, Deutschland",http://www.ernst-martin-haustechnik.de/,True,True,,False,3060,True,,ChIJo79DCnBzsEcRSD3s4HWYSJ8,4.1,12,25,Kein HTTPS (+10) | Sehr langsam (3060ms) (+10) | Telefon bekannt (+5),2026-05-28,neu
Sanitär- und Wärmetechnik Klaus Nause | Hannover,Sanitär,0511 461572,,"An d. Kirche 22a, 30457 Hannover, Deutschland",https://www.nause-sanitaer.de/,True,True,,True,2345,True,,ChIJ4w-zZQ11sEcRH71dGvcaaLU,5,56,25,Langsam (2345ms) (+5) | Viele Bewertungen (56) (+10) | Sehr gute Bewertung (+5) | Telefon bekannt (+5),2026-05-28,neu
Wilhelm Krug Sanitäre Anlagen und Gasheizungen e.K.,Sanitär,0511 341087,,"Leonhardtstraße 1, 30175 Hannover, Deutschland",https://www.krug-haustechnik.com/,True,True,,True,3194,True,,ChIJkfbJpa10sEcReOXPRXOxak4,4.6,27,25,Sehr langsam (3194ms) (+10) | Gute Aktivität (27 Bewertungen) (+5) | Sehr gute Bewertung (+5) | Telefon bekannt (+5),2026-05-28,neu
Demir Sanitärtechnik GmbH,Sanitär,0511 76812977,,"Vahrenwalder Str. 209a, 30165 Hannover, Deutschland",http://www.demir-sani.de/,True,True,,False,1435,True,,ChIJjakva3ZzsEcRETYYmQdQK_o,4.6,25,25,Kein HTTPS (+10) | Gute Aktivität (25 Bewertungen) (+5) | Sehr gute Bewertung (+5) | Telefon bekannt (+5),2026-05-28,neu
Sanitär- und Heizungs- Fachhandel Gerhard Küster GmbH - Abhollager,Sanitär,0511 880002,,"An d. Weide 9, 30173 Hannover, Deutschland",http://www.sanikue.de/,True,True,,False,2525,True,,ChIJNXVqIPYLsEcRwmj2C-51x0Q,4.7,14,25,Kein HTTPS (+10) | Langsam (2525ms) (+5) | Sehr gute Bewertung (+5) | Telefon bekannt (+5),2026-05-28,neu
Behrens Sanitär- und Gasheizungstechnik GmbH,Sanitär,0511 861185,,"Neue Str. 15, 30880 Laatzen, Deutschland",http://www.badsanierung-hannover.de/,True,True,,False,1474,True,,ChIJxfygjooKsEcRcBZz6RMRzLc,4.9,22,25,Kein HTTPS (+10) | Gute Aktivität (22 Bewertungen) (+5) | Sehr gute Bewertung (+5) | Telefon bekannt (+5),2026-05-28,neu
Wilhelm Buermann GmbH,Sanitär,0511 423833,,"Am Holunder 58A, 30459 Hannover, Deutschland",http://www.buermann-gmbh.de/,True,True,,False,715,True,,ChIJNxZYHxl1sEcREX-sbLCKevY,4.5,40,25,Kein HTTPS (+10) | Gute Aktivität (40 Bewertungen) (+5) | Sehr gute Bewertung (+5) | Telefon bekannt (+5),2026-05-28,neu
Steiner Sanitär- & Heizungstechnik GmbH,Sanitär,0511 557070,,"Anderter Str., 30629 Hannover, Deutschland",https://steiner-hannover.de/,True,True,,True,1343,False,,ChIJj0P86wAMsEcRXWMzBKXbh9w,4,23,25,Nicht mobilfreundlich (+15) | Gute Aktivität (23 Bewertungen) (+5) | Telefon bekannt (+5),2026-05-28,neu
Tom Carter GmbH,Sanitär,0511 86029300,,"Mönckebergallee 8, 30453 Hannover, Deutschland",http://www.carter-shk.de/,True,True,,False,2967,True,,ChIJBy-ATRbhnUcRIVZiHnabw_o,5,17,25,Kein HTTPS (+10) | Langsam (2967ms) (+5) | Sehr gute Bewertung (+5) | Telefon bekannt (+5),2026-05-28,neu
MS-Trockenbau-Hannover GmbH,Trockenbau,0171 2611004,,"Sokelantstraße 8, 30165 Hannover, Deutschland",http://www.ms-trockenbau-hannover.de/,True,True,,False,2021,True,,ChIJaQDssRtzsEcRZGcp2ilR-Rs,4.7,14,25,Kein HTTPS (+10) | Langsam (2021ms) (+5) | Sehr gute Bewertung (+5) | Telefon bekannt (+5),2026-05-28,neu
Trockenbau Toprak - Hannover (Burgdorf),Trockenbau,05136 9049637,,"Gartenstraße 43A, 31303 Burgdorf, Deutschland",https://www.trockenbautoprak.de/,True,True,,True,4118,True,,ChIJH12DygkPsEcRsjjDh5owGNg,5,48,25,Sehr langsam (4118ms) (+10) | Gute Aktivität (48 Bewertungen) (+5) | Sehr gute Bewertung (+5) | Telefon bekannt (+5),2026-05-28,neu
Heinz Mänz Ausbau GmbH,Trockenbau,0511 956960,,"Sure Wisch 8, 30625 Hannover, Deutschland",http://www.bohle-gruppe.com/heinz-maenz-ausbau,True,True,,False,2256,True,,ChIJ-ZXqZIW2vkcRRJ_TP4ksAak,5,3,25,Kein HTTPS (+10) | Langsam (2256ms) (+5) | Sehr gute Bewertung (+5) | Telefon bekannt (+5),2026-05-28,neu
kl akustik & trockenbau gmbh,Trockenbau,0511 5106152,,"Bergstraße 9, 30539 Hannover, Deutschland",http://www.kl-akustik.de/,True,True,,False,8022,True,,ChIJiZVwr5sLsEcR-b0dD2fOQvY,0.0,0,25,Kein HTTPS (+10) | Sehr langsam (8022ms) (+10) | Telefon bekannt (+5),2026-05-28,neu
HB Trockenbau GmbH,Trockenbau,0511 1696415,,"Franziusweg 4, 30167 Hannover, Deutschland",http://www.hb-trockenbau.de/,True,True,,False,5170,True,,ChIJWVSl2n1zsEcRkUeNBgPYdIM,0.0,0,25,Kein HTTPS (+10) | Sehr langsam (5170ms) (+10) | Telefon bekannt (+5),2026-05-28,neu
Zander Ausbau GmbH,Trockenbau,0511 67414321,,"Bölschestraße 9, 30173 Hannover, Deutschland",http://www.zander-ausbau.de/,True,True,,False,2915,True,,ChIJq-w6z0ALsEcRLT8jPdkdUmg,5,2,25,Kein HTTPS (+10) | Langsam (2915ms) (+5) | Sehr gute Bewertung (+5) | Telefon bekannt (+5),2026-05-28,neu
Bauservice Sokolowski | Hannover,Trockenbau,0176 57900140,,"Auwiese 5, 30419 Hannover, Deutschland",https://bauservice-sokolowski.de/,True,True,,True,3313,True,,ChIJj_RM0ItoYaMRyTZXyKIrbcE,5,24,25,Sehr langsam (3313ms) (+10) | Gute Aktivität (24 Bewertungen) (+5) | Sehr gute Bewertung (+5) | Telefon bekannt (+5),2026-05-28,neu
Nagelschmidt Fenster und Rolladen GmbH,Fenster und Türen,0511 2107153,,"Fössestraße 101A, 30453 Hannover, Deutschland",https://www.nagelschmidt-fenster.de/#hannover,True,True,,True,2300,True,,ChIJs8vhLfJ0sEcRNaKRA-3ihFo,4.8,89,25,Langsam (2300ms) (+5) | Viele Bewertungen (89) (+10) | Sehr gute Bewertung (+5) | Telefon bekannt (+5),2026-05-28,neu
Silinski Fensterbau - Silinski Rolladen GmbH,Fenster und Türen,0511 212124,,"Auf dem Firmengeländer der Firma Körting. Ins Tor 3 reinfahren und dann sind wir in der roten Backsteinhalle auf der rechten Seite, Badenstedter Str. 56a, 30453 Hannover, Deutschland",http://www.silinski-fensterbau.de/,True,True,,False,2226,True,,ChIJA7I11_Z0sEcRObIdOU21Ssw,4.1,44,25,Kein HTTPS (+10) | Langsam (2226ms) (+5) | Gute Aktivität (44 Bewertungen) (+5) | Telefon bekannt (+5),2026-05-28,neu
Bromberger Fensterbau - Ausstellung - Hannover,Fenster und Türen,0511 64070676,,"Varrelheide 192, 30657 Hannover, Deutschland",http://www.bromberger-fensterbau.de/,True,True,,False,2029,True,,ChIJ5-vurhYNsEcR4iUBw0A0XJI,4.5,11,25,Kein HTTPS (+10) | Langsam (2029ms) (+5) | Sehr gute Bewertung (+5) | Telefon bekannt (+5),2026-05-28,neu
Tischlerei Maik Othmer GmbH,Fenster und Türen,05066 90260,,"Bäckerstraße 3a, 31157 Sarstedt, Deutschland",https://tischlerei-othmer.de/,True,True,,True,2695,True,,ChIJw7DbIrinukcRoeYGPOgD8Co,4.7,339,25,Langsam (2695ms) (+5) | Viele Bewertungen (339) (+10) | Sehr gute Bewertung (+5) | Telefon bekannt (+5),2026-05-28,neu
Rohde GmbH Fensterbau Gehrden,Fenster und Türen,05108 92990,,"Ronnenberger Str. 29, 30989 Gehrden, Deutschland",https://www.rohde-fensterbau.de/,True,True,,True,6902,True,,ChIJF49-4wB2sEcReVfN8TAhPOo,4,53,25,Sehr langsam (6902ms) (+10) | Viele Bewertungen (53) (+10) | Telefon bekannt (+5),2026-05-28,neu
Knieriem & Howind Gartenservice GbR,Gartenbau,0176 84425511,,"Riepestraße 1, 30519 Hannover, Deutschland",http://www.kh-gartenservice.de/,True,True,,False,1962,True,,ChIJT8Rmfsp0sEcRRTAQ44ZjGBo,4.9,28,25,Kein HTTPS (+10) | Gute Aktivität (28 Bewertungen) (+5) | Sehr gute Bewertung (+5) | Telefon bekannt (+5),2026-05-28,neu
Rechter Garten- und Landschaftsbau GmbH,Gartenbau,0511 648648,,"Laher-Feld-Straße, 30659 Hannover, Deutschland",https://www.galabau-rechter-hannover.de/,True,True,,True,873,False,,ChIJ_6hMCk8NsEcRteuaSVOJFrw,5,6,25,Nicht mobilfreundlich (+15) | Sehr gute Bewertung (+5) | Telefon bekannt (+5),2026-05-28,neu
Steinberg Gärten GmbH,Gartenbau,0511 830655,,"Ottostraße 22a, 30519 Hannover, Deutschland",http://www.steinberg-gaerten.de/,True,True,,False,2366,True,,ChIJx8h44RsLsEcRNAT7FyNjslA,4.8,12,25,Kein HTTPS (+10) | Langsam (2366ms) (+5) | Sehr gute Bewertung (+5) | Telefon bekannt (+5),2026-05-28,neu
Rodi Galabau | Garten und Landschaftsbau in Hannover,Gartenbau,0172 5140477,,"Alte Ricklinger Str. 38, 30823 Garbsen, Deutschland",https://rodi-galabau.de/,True,True,,True,1494,False,,ChIJHz2SNzZxsEcRyK4nQ_8buVs,5,14,25,Nicht mobilfreundlich (+15) | Sehr gute Bewertung (+5) | Telefon bekannt (+5),2026-05-28,neu
Mau & Mau Gartenbau,Gartenbau,0511 15816,,"Oeltzenstraße 24, 30169 Hannover, Deutschland",http://www.mauundmau-gartenbau.de/,True,True,,False,3606,True,,ChIJldSTXL10sEcRC6qUlvdu6fw,3.9,17,25,Kein HTTPS (+10) | Sehr langsam (3606ms) (+10) | Telefon bekannt (+5),2026-05-28,neu
Marian Kisse - Naturnahe Gartengestaltung,Gartenbau,0511 71302044,,"Meierwiesen 8, 30657 Hannover, Deutschland",http://www.kisse-gartengestaltung.de/,True,True,,False,2369,True,,ChIJvw3t3KELsEcRsJ6DWcjnGMU,5,5,25,Kein HTTPS (+10) | Langsam (2369ms) (+5) | Sehr gute Bewertung (+5) | Telefon bekannt (+5),2026-05-28,neu
Baum & Garten Hannover,Gartenbau,0511 91163420,,"Am Moore 9, 30855 Langenhagen, Deutschland",http://www.hannover-baumpflege.com/,True,True,,False,2323,True,,ChIJRVveVtpzsEcRtbHdSwBOUpg,5,5,25,Kein HTTPS (+10) | Langsam (2323ms) (+5) | Sehr gute Bewertung (+5) | Telefon bekannt (+5),2026-05-28,neu
Das grüne E,Gartenbau,0176 54891814,,"Bornumer Str. 3, 30449 Hannover, Deutschland",http://das-gruene-e.de/,True,True,,False,2410,True,,ChIJ0RQCAuJ1sEcRq2DcJ7DtNTA,5,1,25,Kein HTTPS (+10) | Langsam (2410ms) (+5) | Sehr gute Bewertung (+5) | Telefon bekannt (+5),2026-05-28,neu
CARL STANGE Floristik & Gärtnerei seit 1905,Gartenbau,0511 881200,,"Alte Döhrener Str. 88, 30173 Hannover, Deutschland",http://www.carl-stange.de/,True,True,,False,1583,True,,ChIJAzT9Wbs5ZUERKcNssDR7qoc,4.3,111,25,Kein HTTPS (+10) | Viele Bewertungen (111) (+10) | Telefon bekannt (+5),2026-05-28,neu
adam u. adam landschaftsarchitekten bdla - Hannover,Gartenbau,0511 552055,,"Hanomagstraße 7, 30449 Hannover, Deutschland",http://www.adam-hannover.de/,True,True,,False,2500,True,,ChIJmX88934LsEcR76z5muH84BQ,5,1,25,Kein HTTPS (+10) | Langsam (2500ms) (+5) | Sehr gute Bewertung (+5) | Telefon bekannt (+5),2026-05-28,neu
DiBa Gebäudemanagement,Reinigungsfirma,01523 3895960,,"Freudenthalstraße 67, 30419 Hannover, Deutschland",https://www.diba-service.de/,True,True,,True,2647,True,,ChIJDRZE5TNzsEcRbXbN3bYrM-I,5,60,25,Langsam (2647ms) (+5) | Viele Bewertungen (60) (+10) | Sehr gute Bewertung (+5) | Telefon bekannt (+5),2026-05-28,neu
Harb Solution GmbH - Gebäudereinigung Hannover,Reinigungsfirma,0511 76120481,,"Welfenstraße 5, 30161 Hannover, Deutschland",https://harbsolution.de/,True,True,,True,3970,True,,ChIJES7d92JaXkURDfCWMVlSqPI,5,33,25,Sehr langsam (3970ms) (+10) | Gute Aktivität (33 Bewertungen) (+5) | Sehr gute Bewertung (+5) | Telefon bekannt (+5),2026-05-28,neu
KAMS Unternehmensgruppe,Reinigungsfirma,0511 2609410,,"Fränkische Str. 21, 30455 Hannover, Deutschland",https://kamsgmbh.de/,True,True,,True,2914,True,,ChIJ6RS_n7R1sEcREHd0BVA2Fqk,5,52,25,Langsam (2914ms) (+5) | Viele Bewertungen (52) (+10) | Sehr gute Bewertung (+5) | Telefon bekannt (+5),2026-05-28,neu
Krone Services | Hannover,Reinigungsfirma,0511 21951327,,"Lange Laube 26, 30159 Hannover, Deutschland",https://kroneservices.de/,True,True,,True,3752,True,,ChIJsaRqVA91sEcRnDVlmMHIkh0,5,23,25,Sehr langsam (3752ms) (+10) | Gute Aktivität (23 Bewertungen) (+5) | Sehr gute Bewertung (+5) | Telefon bekannt (+5),2026-05-28,neu
Rexhajs Reinigungsservice,Reinigungsfirma,0511 84913342,,"Döbbeckestraße 16, 30419 Hannover, Deutschland",http://www.rexhajs-reinigungsservice.de/,True,True,,False,2824,True,,ChIJ70nxcuhzsEcR1OApWP7nsNU,5,7,25,Kein HTTPS (+10) | Langsam (2824ms) (+5) | Sehr gute Bewertung (+5) | Telefon bekannt (+5),2026-05-28,neu
Glanzwerk Reinigungsservice Hannover,Reinigungsfirma,05131 4381997,,"Seerosenweg 10, 30926 Seelze, Deutschland",https://www.glanzwerk-hannover.de/,True,True,,True,1125,False,,ChIJk0Wxdql7sEcRfyVnTuVDnKE,5,12,25,Nicht mobilfreundlich (+15) | Sehr gute Bewertung (+5) | Telefon bekannt (+5),2026-05-28,neu
GDS GmbH - Gebäudereinigung aus Meisterhand in Hannover und Region,Reinigungsfirma,0511 89952305,,"Gleiwitzer Str. 3, 30855 Langenhagen, Deutschland",https://www.gds-hannover.de/,True,True,,True,3705,True,,ChIJQRpVhrdzsEcRF4o1hqeXQKw,4.9,35,25,Sehr langsam (3705ms) (+10) | Gute Aktivität (35 Bewertungen) (+5) | Sehr gute Bewertung (+5) | Telefon bekannt (+5),2026-05-28,neu
Fensterputz Service Berger,Reinigungsfirma,0511 64056500,,"Podbielskistraße 378, 30655 Hannover, Deutschland",http://fensterputzerservice.de/,True,True,,False,1765,True,,ChIJjVTN7NkNsEcRjwOqwawLFhw,5,24,25,Kein HTTPS (+10) | Gute Aktivität (24 Bewertungen) (+5) | Sehr gute Bewertung (+5) | Telefon bekannt (+5),2026-05-28,neu
Evera Facility,Reinigungsfirma,0511 12226870,,"Hans-Werner-Lampe-Weg 7, 30629 Hannover, Deutschland",https://everafacility.de/,True,True,,True,988,False,,ChIJs4461_MNsEcRhvK1wYkJ8nU,5,16,25,Nicht mobilfreundlich (+15) | Sehr gute Bewertung (+5) | Telefon bekannt (+5),2026-05-28,neu
CM-Dienstleistung Gebäudereinigung Hannover,Reinigungsfirma,0511 2208030,,"Wunstorfer Landstraße 58, 30453 Hannover, Deutschland",http://www.cm-dienstleistung.de/,True,True,,False,1203,True,,ChIJ05y0yw10sEcRxIlo1gVfD0c,4.6,28,25,Kein HTTPS (+10) | Gute Aktivität (28 Bewertungen) (+5) | Sehr gute Bewertung (+5) | Telefon bekannt (+5),2026-05-28,neu
Glasreinigung Bashirou,Reinigungsfirma,0511 10544085,,"Malortiestraße 12, 30419 Hannover, Deutschland",https://reinigung-bashirou.de/,True,True,,True,1265,False,,ChIJq4flIt1zsEcRwiaakdg7G7I,5,8,25,Nicht mobilfreundlich (+15) | Sehr gute Bewertung (+5) | Telefon bekannt (+5),2026-05-28,neu
"SRG Gebäudereinigung GmbH | Reinigungsunternehmen für Hannover, Garbsen, ...",Reinigungsfirma,05131 92516,,"Carl-Zeiss-Straße 27, 30827 Garbsen, Deutschland",https://www.s-r-g-gmbh.de/,True,True,,True,4341,True,,ChIJO3hLha5xsEcRGy4e6xmxhqU,4.9,32,25,Sehr langsam (4341ms) (+10) | Gute Aktivität (32 Bewertungen) (+5) | Sehr gute Bewertung (+5) | Telefon bekannt (+5),2026-05-28,neu
intense Gebäudereinigung GmbH,Reinigungsfirma,0511 45990780,,"Vahrenwalder Str. 195B, 30165 Hannover, Deutschland",http://www.intense-reinigung.de/,True,True,,False,2757,True,,ChIJE953oW9zsEcRAkFEOq5n2r0,5,16,25,Kein HTTPS (+10) | Langsam (2757ms) (+5) | Sehr gute Bewertung (+5) | Telefon bekannt (+5),2026-05-28,neu
aktivv Gebäudeservice GmbH,Reinigungsfirma,0511 54541670,,"Boulevard d. Eu 7, 30539 Hannover, Deutschland",http://www.aktivv.de/,True,True,,False,2171,True,,ChIJL4_9oz8KsEcRD8TDho8_SLA,5,1,25,Kein HTTPS (+10) | Langsam (2171ms) (+5) | Sehr gute Bewertung (+5) | Telefon bekannt (+5),2026-05-28,neu
Service Punkt Schuh- und Schlüsseldienst Passerelle,Schlüsseldienst,0511 44451997,,"Ernst-August-Platz 5, 30159 Hannover, Deutschland",http://www.servicepunkt.net/,True,True,,False,3137,True,,ChIJTZnS3UR1sEcRQXOrjTqRkXo,4.2,11,25,Kein HTTPS (+10) | Sehr langsam (3137ms) (+10) | Telefon bekannt (+5),2026-05-28,neu
"Schlüsseldienst Bäte, Schlüssel-Bäte",Schlüsseldienst,0511 1316368,,"Goethepl. 2, 30169 Hannover, Deutschland",http://www.schluessel-baete.de/,True,True,,False,1028,True,,ChIJ6yoJwr10sEcR_94J8s4riUM,4.8,28,25,Kein HTTPS (+10) | Gute Aktivität (28 Bewertungen) (+5) | Sehr gute Bewertung (+5) | Telefon bekannt (+5),2026-05-28,neu
Elektro-Elite GmbH,Elektriker,0176 22999582,,"Steinbruchstraße 10, 30629 Hannover, Deutschland",https://elektroelite.de/,True,True,2,True,794,True,28.03.2024,ChIJgUIErL1DzYURqvJKRs1hWiU,5,103,20,Viele Bewertungen (103) (+10) | Sehr gute Bewertung (+5) | Telefon bekannt (+5),2026-05-28,neu
Elektrotechnik Zeiser,Elektriker,0176 70779870,,"Gollstraße 19A, 30559 Hannover, Deutschland",https://www.elektrotechnik-zeiser.de/,True,True,2,True,3087,True,04.01.2024,ChIJjZbgDnkLsEcRMpB3mKuoU1E,5,19,20,Sehr langsam (3087ms) (+10) | Sehr gute Bewertung (+5) | Telefon bekannt (+5),2026-05-28,neu
Elektro-Avance GmbH & Co. KG,Elektriker,0511 888880,,"Gerhardtstraße 13, 30167 Hannover, Deutschland",http://www.elektro-avance.de/,True,True,,False,1530,True,,ChIJjQgFQmR0sEcRe8tIL9M7LOI,5,6,20,Kein HTTPS (+10) | Sehr gute Bewertung (+5) | Telefon bekannt (+5),2026-05-28,neu
Wuhrmann GmbH & Co. KG,Elektriker,0511 62627980,,"Mengendamm 12, 30177 Hannover, Deutschland",http://www.elektro-wuhrmann.de/,True,True,,False,1804,True,,ChIJTzG2OU1zsEcRPnm10j17OtY,5,11,20,Kein HTTPS (+10) | Sehr gute Bewertung (+5) | Telefon bekannt (+5),2026-05-28,neu
Ernst Scharg GmbH,Klempner,0511 2100218,,"Limmerstraße 73, 30451 Hannover, Deutschland",http://www.ernstscharg.de/,True,True,,False,1470,True,,ChIJl7dIho50sEcRr95pwz0xnrE,4.4,28,20,Kein HTTPS (+10) | Gute Aktivität (28 Bewertungen) (+5) | Telefon bekannt (+5),2026-05-28,neu
Elmosa & Klein GmbH,Installateur,0511 1690655,,"Bogenstraße 5, 30165 Hannover, Deutschland",http://www.elmosa-klein.de/,True,True,,False,2016,True,,ChIJgYXUiJ10sEcRXisVgQHiuGg,4.3,16,20,Kein HTTPS (+10) | Langsam (2016ms) (+5) | Telefon bekannt (+5),2026-05-28,neu
Ernst Scharg GmbH,Installateur,0511 2100218,,"Limmerstraße 73, 30451 Hannover, Deutschland",http://www.ernstscharg.de/,True,True,,False,1169,True,,ChIJl7dIho50sEcRr95pwz0xnrE,4.4,28,20,Kein HTTPS (+10) | Gute Aktivität (28 Bewertungen) (+5) | Telefon bekannt (+5),2026-05-28,neu
Surin,Installateur,0511 99906900,,"Buchholzer Str. 8, 30629 Hannover, Deutschland",https://www.surin-shk.de/,True,True,2,True,6460,True,24.08.2024,ChIJ-adducdzsEcRWZaBPkQ7sNA,4.8,13,20,Sehr langsam (6460ms) (+10) | Sehr gute Bewertung (+5) | Telefon bekannt (+5),2026-05-28,neu
"Gas, Wasser, Heizung Lippa in Hannover",Installateur,0511 868811,,"Berckhusenstraße 59, 30625 Hannover, Deutschland",https://www.lippa-kupsch.de/,True,True,6,True,1909,True,12.08.2020,ChIJi3MxI4M5ZUERNrl_yr3LiVE,4.2,17,20,Website veraltet (6 Jahre) (+15) | Telefon bekannt (+5),2026-05-28,neu
Malermeister Celik - Raum Ideen,Maler,0179 2494157,,"Gehägestraße 20N, 30655 Hannover, Deutschland",https://celik-raumideen.de/,True,True,,True,1504,True,,ChIJAdI5n8AMsEcRTiNlDvYlgt8,5,75,20,Viele Bewertungen (75) (+10) | Sehr gute Bewertung (+5) | Telefon bekannt (+5),2026-05-28,neu
Malermeisterbetrieb ILIC GmbH,Maler,0511 40081389,,"Groß-Buchholzer Straße 22a, 30655 Hannover, Deutschland",http://www.malermeisterbetrieb-ilic.de/,True,True,,False,2792,True,,ChIJiY1bhgkNsEcRBcMih-t1mI4,4.3,6,20,Kein HTTPS (+10) | Langsam (2792ms) (+5) | Telefon bekannt (+5),2026-05-28,neu
Malerfachbetrieb Glombeck,Maler,05131 4614942,,"Blumenstraße 28, 30827 Garbsen, Deutschland",https://www.malerfachbetrieb-glombeck.de/,True,True,,True,2335,True,,ChIJ7TvbF197sEcRre5AhUQFCos,5,37,20,Langsam (2335ms) (+5) | Gute Aktivität (37 Bewertungen) (+5) | Sehr gute Bewertung (+5) | Telefon bekannt (+5),2026-05-28,neu
Adamer Natursteine GmbH,Fliesenleger,0511 84406816,,"Fössestraße 97A, 30453 Hannover, Deutschland",https://www.adamernatursteine.com/,True,True,2,True,1464,True,15.07.2024,ChIJVY6pabF0sEcRRQqX0RITrqA,5,97,20,Viele Bewertungen (97) (+10) | Sehr gute Bewertung (+5) | Telefon bekannt (+5),2026-05-28,neu
Krüger Hannover GmbH & Co. KG,Fliesenleger,0511 438960,,"Lägenfeldstraße 1, 30952 Ronnenberg, Deutschland",https://kruegerhannover.de/,True,True,,True,1243,True,,ChIJQXRnwrl1sEcRpYMzftd-vXM,4.6,189,20,Viele Bewertungen (189) (+10) | Sehr gute Bewertung (+5) | Telefon bekannt (+5),2026-05-28,neu
Ingo Kreutzkamm Fliesen&Mosaik,Fliesenleger,0511 60062929,,"Braunstraße 18, 30169 Hannover, Deutschland",http://kreutzkamm-fliesen.de/,True,True,,False,1494,True,,ChIJ27IiFJZ0sEcRiydCK3BKe6k,5,2,20,Kein HTTPS (+10) | Sehr gute Bewertung (+5) | Telefon bekannt (+5),2026-05-28,neu
Stylekonzept GmbH & Co.KG,Fliesenleger,0511 3970052,,"Rühmkorffstraße 13, 30163 Hannover, Deutschland",https://www.stylekonzept.com/,True,True,,True,1739,True,,ChIJt279hVNzsEcRNPf7yxCC3UU,4.9,54,20,Viele Bewertungen (54) (+10) | Sehr gute Bewertung (+5) | Telefon bekannt (+5),2026-05-28,neu
Emre Haustechnik,Fliesenleger,05121 9229692,,"Georgstraße 38, 30159 Hannover, Deutschland",https://www.emre-haustechnik.de/,True,True,4,True,2787,True,19.01.2022,ChIJ7-iXrdh1sEcRVt2G6FOgvcQ,5,42,20,Langsam (2787ms) (+5) | Gute Aktivität (42 Bewertungen) (+5) | Sehr gute Bewertung (+5) | Telefon bekannt (+5),2026-05-28,neu
Katzmarek GmbH Bedachungen,Dachdecker,0511 313464,,"Masurenweg 5, 30163 Hannover, Deutschland",http://www.katzmarek-bedachungen.de/,True,True,,False,1336,True,,ChIJl9dge6Z0sEcRwvriq_beFfY,4.9,10,20,Kein HTTPS (+10) | Sehr gute Bewertung (+5) | Telefon bekannt (+5),2026-05-28,neu
Dachdeckerei Heese,Dachdecker,0175 1625583,,"Berliner Str. 20C, 30952 Ronnenberg, Deutschland",https://dachdeckereiheese.de/,True,True,,True,2841,True,,ChIJtz1Cz5J1sEcRiO9g2kl3FQQ,4.9,25,20,Langsam (2841ms) (+5) | Gute Aktivität (25 Bewertungen) (+5) | Sehr gute Bewertung (+5) | Telefon bekannt (+5),2026-05-28,neu
Rainer Mielke Dachdeckerei,Dachdecker,0511 537361,,"Bispinger Weg 5, 30625 Hannover, Deutschland",https://www.mielke-dachdeckerei.de/,True,True,5,True,1296,True,13.06.2021,ChIJBZrqSII5ZUERaMMLP1njmqE,4.2,19,20,Website veraltet (5 Jahre) (+15) | Telefon bekannt (+5),2026-05-28,neu
Fassadenkontor GmbH Hannover,Dachdecker,0511 91160838,,"Podbielskistraße 333, 30659 Hannover, Deutschland",https://fassadenkontor.de/,True,True,3,True,1716,True,02.10.2023,ChIJZfcRk8dksEcR-pD-0gvbEE4,4.9,278,20,Viele Bewertungen (278) (+10) | Sehr gute Bewertung (+5) | Telefon bekannt (+5),2026-05-28,neu
Langenhagener Dach & Immobilien Service,Dachdecker,0179 4470085,,"Kopernikusstraße 26, 30853 Langenhagen, Deutschland",https://dachservice-langenhagen.de/,True,True,,True,2114,True,,ChIJHXE38CBzsEcRSEkJhQIahJo,5,33,20,Langsam (2114ms) (+5) | Gute Aktivität (33 Bewertungen) (+5) | Sehr gute Bewertung (+5) | Telefon bekannt (+5),2026-05-28,neu
Möbel Valentin Michailoff-Tischlerei | Garbsen,Schreiner,05131 4859671,,"Molkereistraße 66, 30826 Garbsen, Deutschland",http://www.mvm-tischlerei.de/,True,True,,False,2096,True,,ChIJSzXvQKlxsEcRTBEDzv4KTpo,4.3,6,20,Kein HTTPS (+10) | Langsam (2096ms) (+5) | Telefon bekannt (+5),2026-05-28,neu
Wilhelm Krug Sanitäre Anlagen und Gasheizungen e.K.,Heizungsbauer,0511 341087,,"Leonhardtstraße 1, 30175 Hannover, Deutschland",https://www.krug-haustechnik.com/,True,True,,True,2109,True,,ChIJkfbJpa10sEcReOXPRXOxak4,4.6,27,20,Langsam (2109ms) (+5) | Gute Aktivität (27 Bewertungen) (+5) | Sehr gute Bewertung (+5) | Telefon bekannt (+5),2026-05-28,neu
Syrbe,Heizungsbauer,0511 2105272,,"Fössestraße 77, 30451 Hannover, Deutschland",https://syrbe.net/,True,True,,True,3784,True,,ChIJjVjrQI10sEcRM2zLdDWosBQ,4.1,29,20,Sehr langsam (3784ms) (+10) | Gute Aktivität (29 Bewertungen) (+5) | Telefon bekannt (+5),2026-05-28,neu
Bruttig Sanitär & Heizung,Heizungsbauer,0511 94020786,,"Langenhagener Str. 61A, 30855 Langenhagen, Deutschland",https://www.bruttig-shk.de/,True,True,,True,3504,True,,ChIJ6SeZRhNzsEcRuLOFmwzbtYg,5,6,20,Sehr langsam (3504ms) (+10) | Sehr gute Bewertung (+5) | Telefon bekannt (+5),2026-05-28,neu
Engel J. Inh. Torsten Vogel,Heizungsbauer,0511 664706,,"Lister Damm 5, 30163 Hannover, Deutschland",https://www.sanitaer-engel.de/,True,True,,True,3117,True,,ChIJ67wT3FtzsEcRUk8k8EUa6e4,3.9,25,20,Sehr langsam (3117ms) (+10) | Gute Aktivität (25 Bewertungen) (+5) | Telefon bekannt (+5),2026-05-28,neu
Neumann & Bock GmbH,Heizungsbauer,0511 792353,,"Entenfangweg 10, 30419 Hannover, Deutschland",http://neumann-bock.de/,True,True,,False,1318,True,,ChIJqfleZ5FzsEcRmeNLSkPyc2A,4.1,31,20,Kein HTTPS (+10) | Gute Aktivität (31 Bewertungen) (+5) | Telefon bekannt (+5),2026-05-28,neu
Krosky Heizung-Lüftung & Sanitär GmbH,Sanitär,0511 4755990,,"Limmerstraße 73, 30451 Hannover, Deutschland",http://www.krosky-gmbh.de/,True,True,,False,477,True,,ChIJyfbQych1sEcR6ZH9FLvi41c,5,3,20,Kein HTTPS (+10) | Sehr gute Bewertung (+5) | Telefon bekannt (+5),2026-05-28,neu
Hagemann & Sohn,Sanitär,0511 621811,,"Steinmetzstraße 9, 30163 Hannover, Deutschland",http://www.shk-hagemann.de/,True,True,,False,1466,True,,ChIJS0j_eVpzsEcRNBOxKMHyRUY,4.1,25,20,Kein HTTPS (+10) | Gute Aktivität (25 Bewertungen) (+5) | Telefon bekannt (+5),2026-05-28,neu
Olaf Neumann Heizung - Sanitär - Bad - Hannover,Sanitär,0511 5193913,,"Roseggerstraße 13, 30173 Hannover, Deutschland",https://hannoversche-baeder.de/,True,True,,True,1448,False,,ChIJd7TwA0ELsEcRnJeRVNfSCwI,3,2,20,Nicht mobilfreundlich (+15) | Telefon bekannt (+5),2026-05-28,neu
Stylekonzept GmbH & Co.KG,Trockenbau,0511 3970052,,"Rühmkorffstraße 13, 30163 Hannover, Deutschland",https://www.stylekonzept.com/,True,True,,True,1690,True,,ChIJt279hVNzsEcRNPf7yxCC3UU,4.9,54,20,Viele Bewertungen (54) (+10) | Sehr gute Bewertung (+5) | Telefon bekannt (+5),2026-05-28,neu
FIROSMANNBAU,Trockenbau,0176 36245999,,"Deichmannstraße 2, 30163 Hannover, Deutschland",https://www.firosmannbau.de/,True,True,,True,7705,True,,ChIJt1BCVDNzsEcROY36qwUb7_0,5,16,20,Sehr langsam (7705ms) (+10) | Sehr gute Bewertung (+5) | Telefon bekannt (+5),2026-05-28,neu
L.Avila Trockenbau und Innenausbau,Trockenbau,0176 34678223,,"Innstraße 10, 30519 Hannover, Deutschland",https://avila-trockenbau.de/,True,True,,True,4308,True,,ChIJBYfijbILsEcRMjHOBv1WxFw,5,8,20,Sehr langsam (4308ms) (+10) | Sehr gute Bewertung (+5) | Telefon bekannt (+5),2026-05-28,neu
Derbala Trockenbau GmbH,Trockenbau,0511 35399890,,"Feldstraße 6, 30851 Langenhagen, Deutschland",http://www.derbala-trockenbau.de/,True,True,,False,2663,True,,ChIJrx2Bh2dzsEcRd0bb5meEFMo,4.2,18,20,Kein HTTPS (+10) | Langsam (2663ms) (+5) | Telefon bekannt (+5),2026-05-28,neu
B & B Bau,Trockenbau,0511 45085214,,"Podbielskistraße 126A, 30177 Hannover, Deutschland",https://b-bbau.de/,True,True,,True,3063,True,,ChIJaVfS7lkNsEcRafWye1Y3VoI,4.5,11,20,Sehr langsam (3063ms) (+10) | Sehr gute Bewertung (+5) | Telefon bekannt (+5),2026-05-28,neu
Gebr. Schier Akustik- und Trockenbau GmbH,Trockenbau,05066 902320,,"Im Mühlenfelde 14, 30982 Pattensen, Deutschland",https://schier-trockenbau.de/,True,True,,True,3323,True,,ChIJi4NN_1ChukcReiXy4zwVfUw,4.9,17,20,Sehr langsam (3323ms) (+10) | Sehr gute Bewertung (+5) | Telefon bekannt (+5),2026-05-28,neu
RENOTT - Die Renovierungsexperten,Trockenbau,0511 10556091,,"Kopernikusstraße 12A, 30853 Langenhagen, Deutschland",https://renott.de/,True,True,,True,2316,True,,ChIJZWTdi9hzsEcRqGSaVz9Oa-U,4.9,35,20,Langsam (2316ms) (+5) | Gute Aktivität (35 Bewertungen) (+5) | Sehr gute Bewertung (+5) | Telefon bekannt (+5),2026-05-28,neu
HEUER & Co. Hausausbau GmbH,Fenster und Türen,0511 7262900,,"Rehkamp 6, 30853 Langenhagen, Deutschland",https://www.heuer-co.de/,True,True,,True,1412,True,,ChIJgbDHMIlysEcR2m32ppMRXuk,4.6,620,20,Viele Bewertungen (620) (+10) | Sehr gute Bewertung (+5) | Telefon bekannt (+5),2026-05-28,neu
SCHATTENWERK Hannover,Fenster und Türen,0511 3678990,,"Bergstraße 3, 30539 Hannover, Deutschland",http://www.schattenwerk.de/,True,True,,False,2693,True,,ChIJI2IYE8sLsEcRhjw86er2_0Y,4.4,17,20,Kein HTTPS (+10) | Langsam (2693ms) (+5) | Telefon bekannt (+5),2026-05-28,neu
Utie's,Fenster und Türen,,,"Raupertstraße 27, 30539 Hannover, Deutschland",http://uties-bauelemente.de/,True,True,,False,2231,True,,ChIJ8xtcF0sKsEcRx1Cx5GudOMQ,5,2,20,Kein HTTPS (+10) | Langsam (2231ms) (+5) | Sehr gute Bewertung (+5),2026-05-28,neu
PM Haus & Garten GmbH,Gartenbau,01577 1463948,,"Am Lohgraben 11, 30455 Hannover, Deutschland",https://pmgartenbau.de/,True,True,,True,1482,True,,ChIJ7_OtrON1sEcRMk3UjHEe1nQ,5,72,20,Viele Bewertungen (72) (+10) | Sehr gute Bewertung (+5) | Telefon bekannt (+5),2026-05-28,neu
Lika Galabau Hannover - Garten und Landschaftsbau,Gartenbau,0176 20296904,,"Sonnenweg 4A, 30851 Langenhagen, Deutschland",https://lika-galabau-hannover.de/,True,True,,True,1676,True,,ChIJXa_qPr9zsEcR8dtIuyTEOCI,5,62,20,Viele Bewertungen (62) (+10) | Sehr gute Bewertung (+5) | Telefon bekannt (+5),2026-05-28,neu
Janisch Garten und Landschaftsbau GmbH,Gartenbau,0511 358870,,"Bogenstraße 14, 30165 Hannover, Deutschland",http://www.janisch-galabau.de/,True,True,,False,1718,True,,ChIJWQ3BDZ9zsEcRD7wfpHOSxuc,4.3,37,20,Kein HTTPS (+10) | Gute Aktivität (37 Bewertungen) (+5) | Telefon bekannt (+5),2026-05-28,neu
"Tian Garten- und Landschaftsbau, Pflasterarbeiten & Zaunbau",Gartenbau,0176 21675254,,"Hans-Werner-Lampe-Weg 9, 30629 Hannover, Deutschland",https://tiangalabau.de/,True,True,,True,2140,True,,ChIJ6_b4EjoNsEcRaaA7BVmiM8k,5,26,20,Langsam (2140ms) (+5) | Gute Aktivität (26 Bewertungen) (+5) | Sehr gute Bewertung (+5) | Telefon bekannt (+5),2026-05-28,neu
Rakowski Hannover,Gartenbau,0511 2829992,,"Abbestraße 24, 30519 Hannover, Deutschland",https://www.rakowski-hannover.de/,True,True,,True,2751,True,,ChIJHYak5ngLsEcRnEXgdLZq2Qc,5,20,20,Langsam (2751ms) (+5) | Gute Aktivität (20 Bewertungen) (+5) | Sehr gute Bewertung (+5) | Telefon bekannt (+5),2026-05-28,neu
Kado Galabau,Gartenbau,0176 73886603,,"Berckhusenstraße 39, 30625 Hannover, Deutschland",https://kado-galabau.de/,True,True,,True,3288,True,,ChIJG7CqCrAT-igRfp_YMsiV8Nc,5,5,20,Sehr langsam (3288ms) (+10) | Sehr gute Bewertung (+5) | Telefon bekannt (+5),2026-05-28,neu
Gartenlandschaftsbau und Gartenpflege Der TRAUMGARTEN,Gartenbau,01578 5893140,,"Kalmiaweg 9, 30627 Hannover, Deutschland",http://www.dertraumgarten.com/,True,True,,False,1015,True,,ChIJ1Ya2sSoNsEcR8O_LhZ3Zdd0,5,18,20,Kein HTTPS (+10) | Sehr gute Bewertung (+5) | Telefon bekannt (+5),2026-05-28,neu
Glende Gartenbau GmbH,Gartenbau,0511 57006081,,"Carl-Zeiss-Straße 8, 30966 Hemmingen, Deutschland",https://glende-gartenbau.de/,True,True,,True,1363,True,,ChIJU0BZ4k11sEcRfaFvzGIP8HE,4.5,114,20,Viele Bewertungen (114) (+10) | Sehr gute Bewertung (+5) | Telefon bekannt (+5),2026-05-28,neu
Frank Glende Pflanzenparadies GmbH,Gartenbau,0511 422259,,"Göttinger Landstraße 81, 30966 Hemmingen, Deutschland",https://www.glende-pflanzenparadies.de/,True,True,,True,1315,True,,ChIJ0zPsJk11sEcROxH6NzIvcJs,4.5,276,20,Viele Bewertungen (276) (+10) | Sehr gute Bewertung (+5) | Telefon bekannt (+5),2026-05-28,neu
Hauke Quehl Gartengestaltung,Gartenbau,0511 6406515,,"Sutelstraße 52, 30659 Hannover, Deutschland",https://quehl-gartengestaltung.de/,True,True,,True,3944,True,,ChIJ2cxGdugMsEcRzZFmb1p2Wjk,5,3,20,Sehr langsam (3944ms) (+10) | Sehr gute Bewertung (+5) | Telefon bekannt (+5),2026-05-28,neu
Gebäudereinigung Hannover – REKA Gebäudemanagement GmbH,Reinigungsfirma,0511 67437946,,"Bogenstraße 18, 30165 Hannover, Deutschland",https://reka-team.de/,True,True,,True,2047,True,,ChIJkcusG3lzsEcRcy_ptIQ9-TA,5,46,20,Langsam (2047ms) (+5) | Gute Aktivität (46 Bewertungen) (+5) | Sehr gute Bewertung (+5) | Telefon bekannt (+5),2026-05-28,neu
Cleana - Reinigungsdienst Hannover,Reinigungsfirma,0511 10536721,,"Wernigerode Weg 26, 30419 Hannover, Deutschland",https://cleana.de/,True,True,,True,2050,True,,ChIJqYDJall1sEcRiPaCi5SqtCE,5,35,20,Langsam (2050ms) (+5) | Gute Aktivität (35 Bewertungen) (+5) | Sehr gute Bewertung (+5) | Telefon bekannt (+5),2026-05-28,neu
Graziano's Reinigungsservice Inh. Michelangelo Graziano,Reinigungsfirma,0511 4594231,,"Schaumburgstrasse, Ecke, Palmstraße 20A, 30419 Hannover, Deutschland",https://www.graziano-service.de/,True,True,,True,2104,True,,ChIJw17V3TALsEcRRvEep5o_q8A,5,24,20,Langsam (2104ms) (+5) | Gute Aktivität (24 Bewertungen) (+5) | Sehr gute Bewertung (+5) | Telefon bekannt (+5),2026-05-28,neu
A&S Service Hannover,Reinigungsfirma,0176 83369197,,"Freiligrathstraße 14, 30851 Langenhagen, Deutschland",https://as-servicehannover.de/,True,True,,True,2273,True,,ChIJy7e0EuwRjA4R9DK6r-3tvPk,5,20,20,Langsam (2273ms) (+5) | Gute Aktivität (20 Bewertungen) (+5) | Sehr gute Bewertung (+5) | Telefon bekannt (+5),2026-05-28,neu
Super Sauber Glas,Reinigungsfirma,0176 34539767,,"Bunnenbergstraße 21, 30165 Hannover, Deutschland",https://www.supersauberglas.de/,True,True,,True,1454,True,,ChIJXXd6O0Z1sEcRUxWmIGw2r74,4.9,57,20,Viele Bewertungen (57) (+10) | Sehr gute Bewertung (+5) | Telefon bekannt (+5),2026-05-28,neu
CaaS Reinigung,Reinigungsfirma,01517 4300613,,"Im Krummen Sieke 57, 30419 Hannover, Deutschland",http://www.caas-reinigung.de/,True,True,,False,1943,True,,ChIJiWBZ-3xzsEcRbs96Vv9BvWY,5,11,20,Kein HTTPS (+10) | Sehr gute Bewertung (+5) | Telefon bekannt (+5),2026-05-28,neu
Rakowski Hannover,Reinigungsfirma,0511 2829992,,"Abbestraße 24, 30519 Hannover, Deutschland",https://www.rakowski-hannover.de/,True,True,,True,2874,True,,ChIJHYak5ngLsEcRnEXgdLZq2Qc,5,20,20,Langsam (2874ms) (+5) | Gute Aktivität (20 Bewertungen) (+5) | Sehr gute Bewertung (+5) | Telefon bekannt (+5),2026-05-28,neu
Magiclean Reinigungsservice,Reinigungsfirma,0163 7894833,,"Bendixweg 21, 30659 Hannover, Deutschland",https://magiclean-reinigungsservice.de/,True,True,,True,7648,True,,ChIJe-cj-J3kvKERUKU-PaKA-cY,5,15,20,Sehr langsam (7648ms) (+10) | Sehr gute Bewertung (+5) | Telefon bekannt (+5),2026-05-28,neu
Reinheit & Sauberkeit GmbH Gebäudereinigungsservice Reinigungsunternehmen,Reinigungsfirma,05131 4470903,,"Hauptstraße 219, 30826 Garbsen, Deutschland",https://www.reinheit-sauberkeit.de/,True,True,,True,1354,True,,ChIJP06TWpJxsEcRYywfyXvv04g,5,80,20,Viele Bewertungen (80) (+10) | Sehr gute Bewertung (+5) | Telefon bekannt (+5),2026-05-28,neu
Schlüsseldienst Hannover,Schlüsseldienst,0511 64611582,,"Hildesheimer Str. 326, 30519 Hannover, Deutschland",https://www.schluesseldienst-hannover.de/,True,True,,True,871,True,,ChIJl0yctLR0sEcRMOBUEVwa8PY,5,220,20,Viele Bewertungen (220) (+10) | Sehr gute Bewertung (+5) | Telefon bekannt (+5),2026-05-28,neu
Schlüsseldienst Hannover Festpreis,Schlüsseldienst,0511 36050054,,"Marienstraße 102, 30171 Hannover, Deutschland",https://schluesseldienst-hannover-festpreis.de/,True,True,,True,1445,True,,ChIJ90RrO_gLsEcRYNLKPVXm-Zg,5,472,20,Viele Bewertungen (472) (+10) | Sehr gute Bewertung (+5) | Telefon bekannt (+5),2026-05-28,neu
LockTec Schlüsseldienst Hannover,Schlüsseldienst,0511 12263960,,"Podbielskistraße 98, 30177 Hannover, Deutschland",https://locktec-hannover.de/,True,True,,True,1376,True,,ChIJvT27LrANsEcRcRZPg8qXYpc,5,473,20,Viele Bewertungen (473) (+10) | Sehr gute Bewertung (+5) | Telefon bekannt (+5),2026-05-28,neu
Hannover Schlüsseldienst Otcu,Schlüsseldienst,01579 2471318,,"Fössestraße 22, 30451 Hannover, Deutschland",https://schluesseldienst-otcu.de/,True,True,,True,840,True,,ChIJ7-KMfphIeS8RLPKC9td6NjY,5,82,20,Viele Bewertungen (82) (+10) | Sehr gute Bewertung (+5) | Telefon bekannt (+5),2026-05-28,neu
Schlüssel-Notdienst Hannover,Schlüsseldienst,0511 453799,,"Kochstraße 19, 30451 Hannover, Deutschland",https://www.schlusseldienst-hannover.de/,True,True,,True,1229,True,,ChIJu4lP0EF1sEcREszWqVHPPG8,5,242,20,Viele Bewertungen (242) (+10) | Sehr gute Bewertung (+5) | Telefon bekannt (+5),2026-05-28,neu
Schlüsseldienst Ludwig Hannover | Türöffnung zum Festpreis,Schlüsseldienst,0511 64611582,,"Marienstraße 40, 30171 Hannover, Deutschland",https://www.schluesseldienst-hannover24.de/,True,True,,True,1763,True,,ChIJPz57v3cLsEcRu5wgCFtbv24,5,96,20,Viele Bewertungen (96) (+10) | Sehr gute Bewertung (+5) | Telefon bekannt (+5),2026-05-28,neu
Servicepoint No. 155,Schlüsseldienst,0511 2354324,,"Podbielskistraße 155, 30177 Hannover, Deutschland",https://www.servicepoint155-schluesseldienst.de/,True,True,,True,1424,True,,ChIJEQl1i7AMsEcR7y4TVytgq4M,4.8,91,20,Viele Bewertungen (91) (+10) | Sehr gute Bewertung (+5) | Telefon bekannt (+5),2026-05-28,neu
EMK BRANDSCHUTZ UND SICHERHEITSTECHNIK,Schlüsseldienst,0176 24994586,,"Limmerstraße 103, 30451 Hannover, Deutschland",https://bz1.de/partner.php,True,True,,True,2193,True,,ChIJk56rFFJ1sEcR61EdgNctKGg,5,28,20,Langsam (2193ms) (+5) | Gute Aktivität (28 Bewertungen) (+5) | Sehr gute Bewertung (+5) | Telefon bekannt (+5),2026-05-28,neu
Lagershausen Sicherheitstechnik,Schlüsseldienst,0511 393969,,"Podbielskistraße 36, 30177 Hannover, Deutschland",https://schluesseldienst.one/,True,True,,True,1279,False,,ChIJ___vXlNzsEcROf0vrGUluXA,0.0,0,20,Nicht mobilfreundlich (+15) | Telefon bekannt (+5),2026-05-28,neu
hartlieb Sicherheitssysteme Katrin Bühler-Knapp e.K.,Schlüsseldienst,0511 312013,,"Hamburger Allee 45, 30161 Hannover, Deutschland",http://www.hartlieb-sicherheit.com/,True,True,,False,1919,True,,ChIJRbENZaZ0sEcR2MNnRC9AhkY,3.8,25,20,Kein HTTPS (+10) | Gute Aktivität (25 Bewertungen) (+5) | Telefon bekannt (+5),2026-05-28,neu
Strube Sicherheitstechnik GmbH,Schlüsseldienst,05137 2383,,"Leinestraße 7, 30926 Seelze, Deutschland",https://www.strube24.de/,True,True,,True,1492,True,,ChIJyXlsmCxxsEcRx8kfOD62FYQ,4.7,55,20,Viele Bewertungen (55) (+10) | Sehr gute Bewertung (+5) | Telefon bekannt (+5),2026-05-28,neu
RR.mein.elektromeister GmbH,Elektriker,0174 1009298,,"Herforder Str. 2, 30459 Hannover, Deutschland",https://www.rr-mein-elektromeister.de/,True,True,4,True,497,True,15.03.2022,ChIJi5Y9IER1sEcRY8JLqrlQP7w,5,21,15,Gute Aktivität (21 Bewertungen) (+5) | Sehr gute Bewertung (+5) | Telefon bekannt (+5),2026-05-28,neu
Elektro und Energietechnik Power Solar,Elektriker,0176 46061658,,"Wallensteinstraße 119, 30459 Hannover, Deutschland",https://power-solar-hannover.de/,True,True,,True,1921,True,,ChIJKb3N73Z1sEcRSwTAtbdn7ww,4.8,20,15,Gute Aktivität (20 Bewertungen) (+5) | Sehr gute Bewertung (+5) | Telefon bekannt (+5),2026-05-28,neu
el.ektro elmo GmbH Elektromeisterbetrieb,Elektriker,0174 9535805,,"Lange Laube 25, 30159 Hannover, Deutschland",https://el-ektro.de/,True,True,4,True,2061,True,07.01.2022,ChIJdTr34151sEcRARA2izgfsVg,4.9,19,15,Langsam (2061ms) (+5) | Sehr gute Bewertung (+5) | Telefon bekannt (+5),2026-05-28,neu
AVO Elektroanlagen e.K. – Elektroinstallationen für Wohnungen und Häuser in Hannover und der Region.,Elektriker,01512 5053985,,"Am Herrenhäuser bhf 26 A, 30419 Hannover, Deutschland",https://avoelektroanlagen.de/,True,True,2,True,2915,True,10.09.2024,ChIJj0rsvqVzsEcRL62QlkDV1Lc,5,9,15,Langsam (2915ms) (+5) | Sehr gute Bewertung (+5) | Telefon bekannt (+5),2026-05-28,neu
Hanno Diekmann GmbH,Klempner,0511 852411,,"Eichendorffstraße 6, 30175 Hannover, Deutschland",https://www.hanno-diekmann.de/,True,True,2,True,2868,True,12.08.2024,ChIJVZapEFILsEcRIGvEnnq4TQ4,5,12,15,Langsam (2868ms) (+5) | Sehr gute Bewertung (+5) | Telefon bekannt (+5),2026-05-28,neu
Badezimmerrenovierung Jürgen Alt,Klempner,0511 1318078,,"Königsworther Str. 35, 30167 Hannover, Deutschland",https://www.fa-alt.de/,True,True,2,True,2572,True,16.09.2024,ChIJN1QHW5Z0sEcRdyZRmJP_oXw,4.6,9,15,Langsam (2572ms) (+5) | Sehr gute Bewertung (+5) | Telefon bekannt (+5),2026-05-28,neu
Hanno Diekmann GmbH,Installateur,0511 852411,,"Eichendorffstraße 6, 30175 Hannover, Deutschland",https://www.hanno-diekmann.de/,True,True,2,True,2475,True,12.08.2024,ChIJVZapEFILsEcRIGvEnnq4TQ4,5,12,15,Langsam (2475ms) (+5) | Sehr gute Bewertung (+5) | Telefon bekannt (+5),2026-05-28,neu
Malermeister Daniel Hemstedt,Maler,0173 3870548,,"Fiedelerstraße 1, 30519 Hannover, Deutschland",https://www.malermeister-hemstedt.de/,True,True,,True,1328,True,,ChIJVYNCyRYLsEcRyk3dmfd5P5w,4.9,29,15,Gute Aktivität (29 Bewertungen) (+5) | Sehr gute Bewertung (+5) | Telefon bekannt (+5),2026-05-28,neu
LukasBau,Fliesenleger,01590 1359296,,"Ada-Lessing-Str. 155B, 30657 Hannover, Deutschland",https://lukasbau-hannover.de/,True,True,2,True,2993,True,22.03.2024,ChIJDyCJgjsNsEcR63GHnLsiJqg,5,4,15,Langsam (2993ms) (+5) | Sehr gute Bewertung (+5) | Telefon bekannt (+5),2026-05-28,neu
Bormann Immobilien GmbH,Fliesenleger,0176 24328003,,"Blumenstraße 7, 30159 Hannover, Deutschland",https://www.immobilien-bormann.de/,True,True,,True,2185,True,,ChIJD9RX5DJ1sEcRvNDJbM7yNH8,5,7,15,Langsam (2185ms) (+5) | Sehr gute Bewertung (+5) | Telefon bekannt (+5),2026-05-28,neu
"Prebreza GmbH - Fliesenleger, Maler, Trockenbau",Fliesenleger,0179 2940495,,"Ronnenberger Str. 17a, 30989 Gehrden, Deutschland",https://www.prebreza-hannover.de/,True,True,4,True,558,True,08.04.2022,ChIJKfmWhDMLsEcReLM6Nk0S2tU,4.9,35,15,Gute Aktivität (35 Bewertungen) (+5) | Sehr gute Bewertung (+5) | Telefon bekannt (+5),2026-05-28,neu
Munzert Sanitärinstallation GmbH - Badsanierung Hannover,Fliesenleger,0176 36308534,,"Kopernikusstraße 7B, 30167 Hannover, Deutschland",https://munzert-sanitaer.de/,True,True,,True,1141,True,,ChIJ56sG6FtxsEcRjSTaygmkv-s,5,32,15,Gute Aktivität (32 Bewertungen) (+5) | Sehr gute Bewertung (+5) | Telefon bekannt (+5),2026-05-28,neu
HSK Handwerksservice Stoilov & Klusmann,Fliesenleger,01573 6551319,,"Podbielskistraße 163, 30177 Hannover, Deutschland",https://www.hsk-handwerksservice.de/,True,True,,True,7073,True,,ChIJwWLFfqR0sEcR2BhTqQ9HdOE,0.0,0,15,Sehr langsam (7073ms) (+10) | Telefon bekannt (+5),2026-05-28,neu
HMD Fliesenfachhandel UG,Fliesenleger,0160 5686953,,"Hanno-Ring 17, 30880 Laatzen, Deutschland",https://www.hmd-fliesenhandelxxl.de/,True,True,,True,1672,True,,ChIJf7l6gJ11sEcRuA5IsFDJsUI,4.8,20,15,Gute Aktivität (20 Bewertungen) (+5) | Sehr gute Bewertung (+5) | Telefon bekannt (+5),2026-05-28,neu
XBuilds GmbH,Fliesenleger,05108 6469934,,"Bundesstraße 2, 30989 Gehrden, Deutschland",https://xbuilds.shop/,True,True,2,True,1773,True,09.03.2024,ChIJvbL7ZxV3sEcRZZjROV3fnYk,4.9,41,15,Gute Aktivität (41 Bewertungen) (+5) | Sehr gute Bewertung (+5) | Telefon bekannt (+5),2026-05-28,neu
Paulsen Dächer GmbH,Dachdecker,0511 404042,,"Am Bahndamm 55, 30453 Hannover, Deutschland",https://paulsen-daecher.webdachprofi24.online/,True,True,,True,1305,True,,ChIJk4NE9At0sEcRTiku-za5TS4,4.6,25,15,Gute Aktivität (25 Bewertungen) (+5) | Sehr gute Bewertung (+5) | Telefon bekannt (+5),2026-05-28,neu
Ortner Bedachungen GmbH,Dachdecker,0177 2996684,,"Staakenweg 55, 30179 Hannover, Deutschland",https://ortner-bedachungen.de/,True,True,,True,2433,True,,ChIJ6xQzramRJ6wRmRT3wJfkvC4,5,1,15,Langsam (2433ms) (+5) | Sehr gute Bewertung (+5) | Telefon bekannt (+5),2026-05-28,neu
Hanebutt GmbH,Dachdecker,05032 952140,,"Justus-von-Liebig-Straße 16, 31535 Neustadt am Rübenberge, Deutschland",https://www.hanebutt.de/,True,True,,True,1438,True,,ChIJabHtY7hksEcRnHr_2wT0oBQ,4.3,96,15,Viele Bewertungen (96) (+10) | Telefon bekannt (+5),2026-05-28,neu
Dachdeckermeister Christian Beckmann,Dachdecker,,,"Carl-Zeiss-Straße 7, 30827 Garbsen, Deutschland",http://www.beckmann-dachdeckerei.de/,True,True,,False,1985,True,,ChIJkaFaUh1zsEcRFR0ErcC_Cwg,3.8,24,15,Kein HTTPS (+10) | Gute Aktivität (24 Bewertungen) (+5),2026-05-28,neu
Dachdecker Innovative GmbH & Co. KG,Dachdecker,0511 38827031,,"Blumenstraße 5, 30159 Hannover, Deutschland",https://www.dachdecker-falzblechdach.de/,True,True,3,True,4397,True,14.02.2023,ChIJs6J6Nox1sEcRSuCTIjI0R1M,1,6,15,Sehr langsam (4397ms) (+10) | Telefon bekannt (+5),2026-05-28,neu
Bock Bedachungen GmbH,Dachdecker,0511 5345928,,"Hauptstraße 52, 30457 Hannover, Deutschland",http://www.dachdeckermeister-bock.de/,True,True,,False,1846,True,,ChIJ0_mWEg11sEcRe9fg-e9Uslw,3.1,9,15,Kein HTTPS (+10) | Telefon bekannt (+5),2026-05-28,neu
TreppenModerne.de,Schreiner,015510 240043,,"Karl-Wiechert-Allee 66, 30625 Hannover, Deutschland",https://treppenmoderne.de/,True,True,2,True,1975,True,05.10.2024,ChIJe4-nIyvlFAMR5a0KGa3G7GM,4.5,25,15,Gute Aktivität (25 Bewertungen) (+5) | Sehr gute Bewertung (+5) | Telefon bekannt (+5),2026-05-28,neu
Möbeltischlerei Marcus Münter,Schreiner,05066 709301,,"Siemensstraße 32, 31180 Giesen, Deutschland",https://www.mmm-ansichtssache.de/#gbp,True,True,,True,1505,True,,ChIJBz5Urm-mukcRhLuqWZ6DPKU,5,20,15,Gute Aktivität (20 Bewertungen) (+5) | Sehr gute Bewertung (+5) | Telefon bekannt (+5),2026-05-28,neu
Hanno Diekmann GmbH,Heizungsbauer,0511 852411,,"Eichendorffstraße 6, 30175 Hannover, Deutschland",https://www.hanno-diekmann.de/,True,True,2,True,2478,True,12.08.2024,ChIJVZapEFILsEcRIGvEnnq4TQ4,5,12,15,Langsam (2478ms) (+5) | Sehr gute Bewertung (+5) | Telefon bekannt (+5),2026-05-28,neu
Ehrhard Großmann Sanitär- und Heizungstechnik GmbH,Heizungsbauer,0511 6799670,,"Eckenerstraße 11, 30179 Hannover, Deutschland",https://www.grossmann-gmbh.de/,True,True,,True,1276,True,,ChIJXUO1TyNzsEcRIb2jP4qGpSU,4.6,38,15,Gute Aktivität (38 Bewertungen) (+5) | Sehr gute Bewertung (+5) | Telefon bekannt (+5),2026-05-28,neu
"Gas, Wasser, Heizung Lippa in Hannover",Heizungsbauer,0511 868811,,"Berckhusenstraße 59, 30625 Hannover, Deutschland",https://www.lippa-kupsch.de/,True,True,,True,3151,True,,ChIJi3MxI4M5ZUERNrl_yr3LiVE,4.2,17,15,Sehr langsam (3151ms) (+10) | Telefon bekannt (+5),2026-05-28,neu
W. Köthe GmbH Sanitär & Heizungsbau,Heizungsbauer,0511 426796,,"Garvensstraße 2A, 30519 Hannover, Deutschland",https://www.koethe-gmbh.de/,True,True,,True,2956,True,,ChIJSbDyzvYKsEcRhyo7PwYgkZs,3.6,31,15,Langsam (2956ms) (+5) | Gute Aktivität (31 Bewertungen) (+5) | Telefon bekannt (+5),2026-05-28,neu
Ehrhard Großmann Sanitär- und Heizungstechnik GmbH,Sanitär,0511 6799670,,"Eckenerstraße 11, 30179 Hannover, Deutschland",https://www.grossmann-gmbh.de/,True,True,,True,1281,True,,ChIJXUO1TyNzsEcRIb2jP4qGpSU,4.6,38,15,Gute Aktivität (38 Bewertungen) (+5) | Sehr gute Bewertung (+5) | Telefon bekannt (+5),2026-05-28,neu
Hanno Diekmann GmbH,Sanitär,0511 852411,,"Eichendorffstraße 6, 30175 Hannover, Deutschland",https://www.hanno-diekmann.de/,True,True,,True,2301,True,,ChIJVZapEFILsEcRIGvEnnq4TQ4,5,12,15,Langsam (2301ms) (+5) | Sehr gute Bewertung (+5) | Telefon bekannt (+5),2026-05-28,neu
Behrens Sanitär- und Gasheizungstechnik GmbH Badausstellung,Sanitär,0511 6001411,,"Schubertweg 5, 30880 Laatzen, Deutschland",https://www.badsanierung-hannover.de/index.html,True,True,,True,1214,True,,ChIJI4pDCa10sEcRX6xCcLlmN-s,4.6,25,15,Gute Aktivität (25 Bewertungen) (+5) | Sehr gute Bewertung (+5) | Telefon bekannt (+5),2026-05-28,neu
W. Köthe GmbH Sanitär & Heizungsbau,Sanitär,0511 426796,,"Garvensstraße 2A, 30519 Hannover, Deutschland",https://www.koethe-gmbh.de/,True,True,,True,2336,True,,ChIJSbDyzvYKsEcRhyo7PwYgkZs,3.6,31,15,Langsam (2336ms) (+5) | Gute Aktivität (31 Bewertungen) (+5) | Telefon bekannt (+5),2026-05-28,neu
Sanitär-Service Siegbert Smolin GmbH,Sanitär,0511 661937,,"Lister Damm 7, 30163 Hannover, Deutschland",https://thermen-smoky.de/,True,True,,True,2282,True,,ChIJj4rF601zsEcRc2jEwOXNrfI,4.1,20,15,Langsam (2282ms) (+5) | Gute Aktivität (20 Bewertungen) (+5) | Telefon bekannt (+5),2026-05-28,neu
Innung für Sanitär und Heizungs-Technik Hannover,Sanitär,0511 841010,,"Ikarusallee 14, 30179 Hannover, Deutschland",http://www.ishk-hannover.de/,True,True,,False,1826,True,,ChIJvW-RevxwsEcRY39UVoJAX6Q,4.4,10,15,Kein HTTPS (+10) | Telefon bekannt (+5),2026-05-28,neu
HEMPELMANN HANNOVER HAUSTECHNIK,Sanitär,0511 740930,,"Erdinger Str. 1, 30855 Langenhagen, Deutschland",https://www.gc-gruppe.de/unternehmen/hs-c-hempelmann-kg-hannover,True,True,,True,1074,True,,ChIJ2UfRnVBysEcRkIctdVtU1ec,4.1,91,15,Viele Bewertungen (91) (+10) | Telefon bekannt (+5),2026-05-28,neu
MK Trockenbau GmbH,Trockenbau,0511 59043530,,"Calenberger Str. 57, 30169 Hannover, Deutschland",http://mk-trockenbau-gmbh.de/,True,True,,False,1237,True,,ChIJVVVJNb50sEcRBeQLzvIC9YA,0.0,0,15,Kein HTTPS (+10) | Telefon bekannt (+5),2026-05-28,neu
Lindner Group Niederlassung Hannover,Trockenbau,05102 700934,,"Lübecker Str. 5a, 30880 Laatzen, Deutschland",https://www.lindner-group.com/,True,True,,True,2068,True,,ChIJ45uJPwcKsEcR7aUQ4vPMgfg,4.9,7,15,Langsam (2068ms) (+5) | Sehr gute Bewertung (+5) | Telefon bekannt (+5),2026-05-28,neu
NIKO-Sanierungen,Trockenbau,0172 8880201,,"Große Pfahlstraße 7, 30161 Hannover, Deutschland",https://www.niko-sanierungen.de/,True,True,,True,2990,True,,ChIJMYUNmClzsEcR6OINUELKRDI,5,10,15,Langsam (2990ms) (+5) | Sehr gute Bewertung (+5) | Telefon bekannt (+5),2026-05-28,neu
Intime Akustik Trockenbau GmbH,Trockenbau,0511 3884530,,"Celler Str. 76, 30161 Hannover, Deutschland",http://www.intimeakustik.de/,True,True,,False,1407,True,,ChIJq6aVtKl0sEcR5aVQAM593pE,3.7,3,15,Kein HTTPS (+10) | Telefon bekannt (+5),2026-05-28,neu
SanTec GmbH Brand- und Wasserschadensanierung,Trockenbau,0511 67669960,,"Dornierstraße 4, 30179 Hannover, Deutschland",https://www.santec-sanierung.eu/,True,True,,True,1506,True,,ChIJoy4lOjtzsEcRFXvrl8qacps,4.5,30,15,Gute Aktivität (30 Bewertungen) (+5) | Sehr gute Bewertung (+5) | Telefon bekannt (+5),2026-05-28,neu
"Prebreza GmbH - Fliesenleger, Maler, Trockenbau",Trockenbau,0179 2940495,,"Ronnenberger Str. 17a, 30989 Gehrden, Deutschland",https://www.prebreza-hannover.de/,True,True,,True,764,True,,ChIJKfmWhDMLsEcReLM6Nk0S2tU,4.9,35,15,Gute Aktivität (35 Bewertungen) (+5) | Sehr gute Bewertung (+5) | Telefon bekannt (+5),2026-05-28,neu
wego Hannover,Trockenbau,0511 958760,,"Zu den Mergelbrüchen 5, 30559 Hannover, Deutschland",https://www.wego-vti.de/wego-hannover/,True,True,,True,1780,True,,ChIJVX7t-v0LsEcRMwV4EW4J1wU,4.3,97,15,Viele Bewertungen (97) (+10) | Telefon bekannt (+5),2026-05-28,neu
Lars Bormann Trockenbau und Böden,Trockenbau,0176 40431471,,"Steinstraße, 30982 Pattensen, Deutschland",https://www.lb-trockenbau-boeden.de/,True,True,,True,1983,True,,ChIJC_B93uGbfGERsQG7obOeoGs,4.8,22,15,Gute Aktivität (22 Bewertungen) (+5) | Sehr gute Bewertung (+5) | Telefon bekannt (+5),2026-05-28,neu
Can Bau - Fenster & Bauelemente,Fenster und Türen,0511 2703818,,"Heerstraße 22, 30890 Barsinghausen, Deutschland",https://can-bau.de/,True,True,,True,1760,True,,ChIJqeo0Sk10sEcRKhWfsMJ9gBA,5,43,15,Gute Aktivität (43 Bewertungen) (+5) | Sehr gute Bewertung (+5) | Telefon bekannt (+5),2026-05-28,neu
Bromberger Fensterbau - Isernhagen,Fenster und Türen,0511 64070676,,"Berliner Str. 16, 30916 Isernhagen, Deutschland",https://www.bromberger-fensterbau.de/,True,True,,True,1568,True,,ChIJ6UbBwq4NsEcR1Wg18Sa5GD4,4.9,23,15,Gute Aktivität (23 Bewertungen) (+5) | Sehr gute Bewertung (+5) | Telefon bekannt (+5),2026-05-28,neu
EHG Tokarski GmbH,Fenster und Türen,0511 3008788,,"Schiffgraben 20, 30159 Hannover, Deutschland",http://www.ehg-tokarski.de/,True,True,,False,1713,True,,ChIJzeFJ9rJ0sEcRKvoU9-tBUcU,4,8,15,Kein HTTPS (+10) | Telefon bekannt (+5),2026-05-28,neu
Jöhrens Gartenideen GmbH,Gartenbau,0511 587979,,"Anderter Str. 76, 30629 Hannover, Deutschland",https://www.joehrens-gartenideen.de/,True,True,,True,729,True,,ChIJzWn6ywYMsEcRW_qK-su3duM,4.7,30,15,Gute Aktivität (30 Bewertungen) (+5) | Sehr gute Bewertung (+5) | Telefon bekannt (+5),2026-05-28,neu
querbeet - Andreas Böhm,Gartenbau,0511 7000438,,"Max-Müller-Straße 22, 30179 Hannover, Deutschland",https://www.querbeet-gartengestaltung.de/,True,True,,True,2165,True,,ChIJzdq6tghzsEcR8Dr4KJdtnxk,4.6,18,15,Langsam (2165ms) (+5) | Sehr gute Bewertung (+5) | Telefon bekannt (+5),2026-05-28,neu
Riza Gashi Garten- und Landschaftsbau,Gartenbau,0511 7241277,,"Imhoffstraße 39, 30853 Langenhagen, Deutschland",https://riza-gashi-galabau.de/,True,True,,True,1222,True,,ChIJ9Yn3CvFysEcRC-Gs5o5xUdc,5,22,15,Gute Aktivität (22 Bewertungen) (+5) | Sehr gute Bewertung (+5) | Telefon bekannt (+5),2026-05-28,neu
Grüne Manufaktur Hannover,Gartenbau,01515 0151151,,"Berckhusenstraße 3, 30625 Hannover, Deutschland",https://www.gruenemanufaktur-hannover.de/,True,True,,True,2307,True,,ChIJBXSKwm8LsEcR__zYgNiFpmU,5,1,15,Langsam (2307ms) (+5) | Sehr gute Bewertung (+5) | Telefon bekannt (+5),2026-05-28,neu
Der Gärtner - Michael Ostrowski,Gartenbau,0511 640383,,"Wilkeninghof 2, 30659 Hannover, Deutschland",http://www.dergaertner.net/,True,True,,False,1866,True,,ChIJH6aaQPAMsEcRfOSxukSzVq0,3.7,6,15,Kein HTTPS (+10) | Telefon bekannt (+5),2026-05-28,neu
Gunnar Menke Garten und Landschaftsbau,Gartenbau,0511 98590770,,"Bernhard-Jördens-Weg 3, 30519 Hannover, Deutschland",http://www.gunnar-menke-gaerten.de/,True,True,,False,746,True,,ChIJ9RKMzvwKsEcRJCzpcn7diRY,4,6,15,Kein HTTPS (+10) | Telefon bekannt (+5),2026-05-28,neu
Gebäudereinigung Hannover Extraa clean,Reinigungsfirma,0176 45234259,,"Dragonerstraße 25, 30163 Hannover, Deutschland",https://extraa-clean.de/?gu,True,True,,True,2658,True,,ChIJiS3evVsNsEcRVa1hINkqQrk,5,14,15,Langsam (2658ms) (+5) | Sehr gute Bewertung (+5) | Telefon bekannt (+5),2026-05-28,neu
Top Cleaning 24 - Gebäudereinigung Hannover,Reinigungsfirma,0178 5647053,,"Celler Str. 14, 30161 Hannover, Deutschland",https://topcleaning24-hannover.de/,True,True,,True,1608,True,,ChIJUXl80xSkQwcRgHj5W8RCwTU,4.6,21,15,Gute Aktivität (21 Bewertungen) (+5) | Sehr gute Bewertung (+5) | Telefon bekannt (+5),2026-05-28,neu
ETM Gebäudereinigung - Reinigung Hannover,Reinigungsfirma,0511 95487090,,"Nienburger Str. 14 A, 30167 Hannover, Deutschland",https://www.etm-reinigung.de/,True,True,,True,1079,True,,ChIJ5WNpZc0-uiARLOP65duAEwI,5,32,15,Gute Aktivität (32 Bewertungen) (+5) | Sehr gute Bewertung (+5) | Telefon bekannt (+5),2026-05-28,neu
Helwesclean,Reinigungsfirma,0173 9409282,,"Alte, 30419 Hannover, Deutschland",https://helwesclean.com/,True,True,,True,2942,True,,ChIJ7TQ7RJaOmEARfYGu2EbwayE,4.9,15,15,Langsam (2942ms) (+5) | Sehr gute Bewertung (+5) | Telefon bekannt (+5),2026-05-28,neu
SIX Gebäudereinigung GmbH,Reinigungsfirma,0179 5223782,,"Haltenhoffstraße 243, 30419 Hannover, Deutschland",https://six-gebaeudereinigung.de/,True,True,,True,1526,True,,ChIJqeCLgdNzsEcREzmWULA9K2M,5,38,15,Gute Aktivität (38 Bewertungen) (+5) | Sehr gute Bewertung (+5) | Telefon bekannt (+5),2026-05-28,neu
Fensterreinigung Hannover | VogetService,Reinigungsfirma,0511 30092751,,"Fiedelerstraße 1, 30519 Hannover, Deutschland",https://fensterreinigung-hannover.de/,True,True,,True,1761,True,,ChIJbzsrhuQLsEcR5-hS-52F5io,5,20,15,Gute Aktivität (20 Bewertungen) (+5) | Sehr gute Bewertung (+5) | Telefon bekannt (+5),2026-05-28,neu
Blitzeblank Reinigungsdienst Gebäudereinigung,Reinigungsfirma,01522 1817577,,"Spindelweg 14, 30880 Laatzen, Deutschland",https://www.blitzeblank-reinigungsdienst.de/,True,True,,True,958,True,,ChIJL8lXQnCi3qMREqFsPf434zU,5,48,15,Gute Aktivität (48 Bewertungen) (+5) | Sehr gute Bewertung (+5) | Telefon bekannt (+5),2026-05-28,neu
Reinglanzprofis Gebäudereinigung Hannover,Reinigungsfirma,0178 2759792,,"Prüßentrift 79, 30657 Hannover, Deutschland",https://www.reinglanz-profis.de/,True,True,,True,1654,True,,ChIJ9zewxb8NsEcRgOFxDUGCYhQ,5,26,15,Gute Aktivität (26 Bewertungen) (+5) | Sehr gute Bewertung (+5) | Telefon bekannt (+5),2026-05-28,neu
SERVIMONDA Gebäudemanagement,Reinigungsfirma,0511 95731710,,"Am Herrenhäuser bhf 26, 30419 Hannover, Deutschland",https://servimonda.de/,True,True,,True,1525,True,,ChIJi2ooKy57sEcRYnXblulE2FM,4.8,26,15,Gute Aktivität (26 Bewertungen) (+5) | Sehr gute Bewertung (+5) | Telefon bekannt (+5),2026-05-28,neu
ISK Schlüsseldienst Hannover,Schlüsseldienst,0163 2251235,,"Gesmannstraße 4, 30459 Hannover, Deutschland",https://isk-schluesseldienst.de/,True,True,,True,1326,True,,ChIJIzyYqtJ1sEcRQVA-e5Jw_84,5,48,15,Gute Aktivität (48 Bewertungen) (+5) | Sehr gute Bewertung (+5) | Telefon bekannt (+5),2026-05-28,neu
Türöffnung Hannover,Schlüsseldienst,0511 36050050,,"Wunstorfer Str. 23, 30453 Hannover, Deutschland",https://www.tueroeffnung-hannover.de/,True,True,,True,1528,True,,ChIJ6cVHAFd1sEcR02S8O71Nba8,4.9,49,15,Gute Aktivität (49 Bewertungen) (+5) | Sehr gute Bewertung (+5) | Telefon bekannt (+5),2026-05-28,neu
Schlüssel und Gravur Express Hannover,Schlüsseldienst,0511 3538685,,"Niki-de-Saint-Phalle-Promenade 52, 30159 Hannover, Deutschland",https://www.gravur-hannover.de/,True,True,,True,1417,True,,ChIJRSXiwE91sEcR8sk2Mu-5BHY,5,34,15,Gute Aktivität (34 Bewertungen) (+5) | Sehr gute Bewertung (+5) | Telefon bekannt (+5),2026-05-28,neu
Jörg Deterding GmbH & Co. KG,Schlüsseldienst,05131 705890,,"Im Rehwinkel 18, 30827 Garbsen, Deutschland",https://www.deterding-sicherheitstechnik.de/,True,True,,True,1696,True,,ChIJZUO2xdM7ZUERE9lI62kLnnE,4.5,30,15,Gute Aktivität (30 Bewertungen) (+5) | Sehr gute Bewertung (+5) | Telefon bekannt (+5),2026-05-28,neu
Elektro-Bau Hannover F. Böhm GmbH & Co. KG,Elektriker,0511 990900,,"Karl-Imhoff-Weg 7, 30165 Hannover, Deutschland",https://elektro-bau-hannover.de/,True,True,,True,1404,True,,ChIJTe6MJWpzsEcR05Jf5QbvFLA,5,8,10,Sehr gute Bewertung (+5) | Telefon bekannt (+5),2026-05-28,neu
Sanitär Trautmann GmbH,Klempner,0511 48970770,,"Büttnerstraße 64, 30165 Hannover, Deutschland",https://www.sanitaer-traut-mann.de/,True,True,2,True,1430,True,15.04.2024,ChIJNey915B1sEcRLQ-e5zQBo-o,5,6,10,Sehr gute Bewertung (+5) | Telefon bekannt (+5),2026-05-28,neu
Jens Hallensleben Heizung - Sanitär,Klempner,0511 9791990,,"Brandriede 2, 30419 Hannover, Deutschland",https://www.gelbeseiten.de/gsbiz/7b26cf4e-f708-452c-9adc-a852ab94744a,True,True,,True,907,True,,ChIJm0n2LxFzsEcRElZXDgNGuK0,4.8,4,10,Sehr gute Bewertung (+5) | Telefon bekannt (+5),2026-05-28,neu
Kügler Installateure Inh. Fahri Dumlu,Klempner,0511 527171,,"Anecampstraße 12a, 30539 Hannover, Deutschland",https://www.kuegler-installateure-hannover.de/impressum,True,True,2,True,373,True,16.04.2024,ChIJ8cm1FcYLsEcR1X_HrmQTcIU,4.6,14,10,Sehr gute Bewertung (+5) | Telefon bekannt (+5),2026-05-28,neu
Caliskan Sanitär | Heizung,Klempner,0176 24759568,,"Schulenburger Landstraße 262d, 30419 Hannover, Deutschland",https://www.caliskan-shk.de/,True,True,,True,1243,True,,ChIJbVoyFIe660sRDGGqrqlMX_8,5,12,10,Sehr gute Bewertung (+5) | Telefon bekannt (+5),2026-05-28,neu
Jens Hallensleben Heizung - Sanitär,Installateur,0511 9791990,,"Brandriede 2, 30419 Hannover, Deutschland",https://www.gelbeseiten.de/gsbiz/7b26cf4e-f708-452c-9adc-a852ab94744a,True,True,,True,871,True,,ChIJm0n2LxFzsEcRElZXDgNGuK0,4.8,4,10,Sehr gute Bewertung (+5) | Telefon bekannt (+5),2026-05-28,neu
Sanitär Trautmann GmbH,Installateur,0511 48970770,,"Büttnerstraße 64, 30165 Hannover, Deutschland",https://www.sanitaer-traut-mann.de/,True,True,2,True,1238,True,15.04.2024,ChIJNey915B1sEcRLQ-e5zQBo-o,5,6,10,Sehr gute Bewertung (+5) | Telefon bekannt (+5),2026-05-28,neu
Heizimpuls,Installateur,0511 45008405,,"Richard-Lattorf-Straße 8, 30453 Hannover, Deutschland",https://www.heizimpuls.de/,True,True,3,True,1584,True,14.03.2023,ChIJ-eN3DUR1sEcRZNBTJrBxVlE,5,6,10,Sehr gute Bewertung (+5) | Telefon bekannt (+5),2026-05-28,neu
Caliskan Sanitär | Heizung,Installateur,0176 24759568,,"Schulenburger Landstraße 262d, 30419 Hannover, Deutschland",https://www.caliskan-shk.de/,True,True,,True,957,True,,ChIJbVoyFIe660sRDGGqrqlMX_8,5,12,10,Sehr gute Bewertung (+5) | Telefon bekannt (+5),2026-05-28,neu
Winfried Neumann Sanitär und Heizung Inh. Julian Neumann - Hannover,Installateur,0511 668514,,"Ferdinand-Wallbrecht-Straße 45, 30163 Hannover, Deutschland",https://www.winfriedneumann.de/,True,True,,True,1999,True,,ChIJs-Stk1BzsEcRri7-GeMPQ80,3.9,31,10,Gute Aktivität (31 Bewertungen) (+5) | Telefon bekannt (+5),2026-05-28,neu
Nordwærme Fußbodenheizung nachrüsten,Installateur,040 578900,,"Mercedesstraße 3a, 30453 Hannover, Deutschland",https://www.nordwaerme.de/,True,True,,True,1752,True,,ChIJMTA_hPB1sEcRaedUu-6x8Aw,4.9,16,10,Sehr gute Bewertung (+5) | Telefon bekannt (+5),2026-05-28,neu
Kügler Installateure Inh. Fahri Dumlu,Installateur,0511 527171,,"Anecampstraße 12a, 30539 Hannover, Deutschland",https://www.kuegler-installateure-hannover.de/impressum,True,True,2,True,324,True,16.04.2024,ChIJ8cm1FcYLsEcR1X_HrmQTcIU,4.6,14,10,Sehr gute Bewertung (+5) | Telefon bekannt (+5),2026-05-28,neu
MaLeo Malerfachbetrieb GmbH,Maler,01523 3771988,,"Moorkamp 22, 30165 Hannover, Deutschland",https://maleo-maler.de/,True,True,1,True,1595,True,03.04.2025,ChIJjbud8fNzsEcRh-5H0PazZAM,4.7,14,10,Sehr gute Bewertung (+5) | Telefon bekannt (+5),2026-05-28,neu
Maler- u. Lackierer-Innung,Maler,0511 314796,,"Hamburger Allee 43, 30161 Hannover, Deutschland",https://www.malerinnung-hannover.de/,True,True,,True,1190,True,,ChIJ52D6b6Z0sEcRN3h89hteW7c,4.5,17,10,Sehr gute Bewertung (+5) | Telefon bekannt (+5),2026-05-28,neu
Fliesenlegermeister Chilai - Hannover,Fliesenleger,0511 1326560,,"Wittinger Str. 30, 30629 Hannover, Deutschland",https://www.fliesen-chilai.de/,True,True,1,True,1254,True,23.06.2025,ChIJC1DRanMMsEcREyOZV4QDTQI,5,8,10,Sehr gute Bewertung (+5) | Telefon bekannt (+5),2026-05-28,neu
TS Fliesenleger - Trifon Skenderaj,Fliesenleger,0176 22057657,,"Wunstorfer Landstraße 28, 30453 Hannover, Deutschland",https://www.tsfliesenleger.de/,True,True,2,True,871,True,02.03.2024,ChIJZ8WKYhB1sEcRT6-uv2JHTUQ,5,3,10,Sehr gute Bewertung (+5) | Telefon bekannt (+5),2026-05-28,neu
Meister Fliesen Zeneli,Fliesenleger,015563 570648,,"Spannhagengarten 12b, 30655 Hannover, Deutschland",https://meisterfliesenzeneli.de/,True,True,,True,479,True,,ChIJNXq3CIINsEcR-K-kCFqVWJg,5,8,10,Sehr gute Bewertung (+5) | Telefon bekannt (+5),2026-05-28,neu
Agackiran Fliesenlegerfachbetrieb,Fliesenleger,0172 5990854,,"Füllenfeldstraße 8, 30916 Isernhagen, Deutschland",https://fliesenleger.io/isernhagen/8244-agackiran-fliesenlegerfachbetrieb,True,True,,True,1681,True,,ChIJl19SFEQNsEcRfmzjUMFkffI,5,10,10,Sehr gute Bewertung (+5) | Telefon bekannt (+5),2026-05-28,neu
Ruslan Presman Fliesenleger,Fliesenleger,0511 65584234,,"Freudenthalstraße 24, 30419 Hannover, Deutschland",https://fliesenleger.io/hannover/8214-ruslan-presman-fliesenleger,True,True,,True,1917,True,,ChIJkYrRouVzsEcRXdlISXRcULc,5,2,10,Sehr gute Bewertung (+5) | Telefon bekannt (+5),2026-05-28,neu
Fliesen Jathe Söhne GmbH,Fliesenleger,05131 51041,,"Molkereistraße 54, 30826 Garbsen, Deutschland",https://www.fliesenjathesoehne.de/,True,True,4,True,1070,True,03.02.2022,ChIJW7UFFmZwsEcRtXgvSC_2rFE,5,12,10,Sehr gute Bewertung (+5) | Telefon bekannt (+5),2026-05-28,neu
Bauservice Azimov,Fliesenleger,0511 51544470,,"Schmiedeberger Str. 13, 30952 Ronnenberg, Deutschland",https://www.bauservice-azimov.de/,True,True,2,True,1397,True,16.11.2024,ChIJlRRqd1oxCYYRvnfCNFAPMt4,4.6,11,10,Sehr gute Bewertung (+5) | Telefon bekannt (+5),2026-05-28,neu
Sergejs Onopko. Seon-exklusiv,Fliesenleger,01590 1997775,,"Shepton-Mallet-Ring 22, 30655 Hannover, Deutschland",https://seon-exklusiv.com/,True,True,,True,1000,True,,ChIJdaq4XWcMsEcRqMq8k7WDArg,5,8,10,Sehr gute Bewertung (+5) | Telefon bekannt (+5),2026-05-28,neu
Elmas Fliesen,Fliesenleger,0173 9485006,,"26-28, Kurt-Schumacher-Straße, 30159 Hannover, Deutschland",https://fliesenleger.io/hannover/8199-elmas-fliesen,True,True,,True,1162,True,,ChIJyaqCKqV0sEcRtFXyZEqbbKo,5,1,10,Sehr gute Bewertung (+5) | Telefon bekannt (+5),2026-05-28,neu
Biber Meisterhafte Dächer,Dachdecker,0162 9026843,,"Rüdigerweg 13, 30455 Hannover, Deutschland",https://www.biber-meisterhaftedaecher.de/,True,True,,True,1917,True,,ChIJ_4clQuF1sEcRJUdih4tlqPI,5,18,10,Sehr gute Bewertung (+5) | Telefon bekannt (+5),2026-05-28,neu
Schuchardt Bedachungen Inh. Tino Bankonier,Dachdecker,0511 496112,,"Nelkenweg 7, 30457 Hannover, Deutschland",https://www.schuchardt-decktdasdach.de/,True,True,3,True,1933,True,10.06.2023,ChIJoeEPJUd0sEcRXz02O3HfLuo,5,3,10,Sehr gute Bewertung (+5) | Telefon bekannt (+5),2026-05-28,neu
Tischlerei Jordan,Schreiner,0511 795122,,"Obentrautstraße 34, 30419 Hannover, Deutschland",https://www.tischlereijordan.de/,True,True,,True,1135,True,,ChIJ-XTVr-dzsEcRy0sCvsacfXM,5,5,10,Sehr gute Bewertung (+5) | Telefon bekannt (+5),2026-05-28,neu
Tischlerei Klauenberg GmbH,Schreiner,0511 499049,,"Fränkische Str. 24, 30455 Hannover, Deutschland",https://www.tischlerei-klauenberg.de/,True,True,,True,1382,True,,ChIJIxVPtrR1sEcREb95CVAAFgs,4.2,22,10,Gute Aktivität (22 Bewertungen) (+5) | Telefon bekannt (+5),2026-05-28,neu
Tischlerei Thomas Knips,Schreiner,0160 92961675,,"Harzburger Pl. 1, 30419 Hannover, Deutschland",https://www.hannover-tischlerei-knips-thomas-tuerenbau.com/,True,True,3,True,757,True,23.07.2023,ChIJK6VMlJpzsEcRwaQpHKvV-0w,5,1,10,Sehr gute Bewertung (+5) | Telefon bekannt (+5),2026-05-28,neu
TM. Eberhardt,Schreiner,0511 3521320,,"Wiehbergstraße 68, 30519 Hannover, Deutschland",https://www.gelbeseiten.de/gsbiz/6484353f-8153-4dd1-902a-82351b3b9985,True,True,,True,839,True,,ChIJO9U0_uUKsEcR5FObEOHVbsM,5,1,10,Sehr gute Bewertung (+5) | Telefon bekannt (+5),2026-05-28,neu
Jens Hallensleben Heizung - Sanitär,Heizungsbauer,0511 9791990,,"Brandriede 2, 30419 Hannover, Deutschland",https://www.gelbeseiten.de/gsbiz/7b26cf4e-f708-452c-9adc-a852ab94744a,True,True,,True,744,True,,ChIJm0n2LxFzsEcRElZXDgNGuK0,4.8,4,10,Sehr gute Bewertung (+5) | Telefon bekannt (+5),2026-05-28,neu
Caliskan Sanitär | Heizung,Heizungsbauer,0176 24759568,,"Schulenburger Landstraße 262d, 30419 Hannover, Deutschland",https://www.caliskan-shk.de/,True,True,,True,1273,True,,ChIJbVoyFIe660sRDGGqrqlMX_8,5,12,10,Sehr gute Bewertung (+5) | Telefon bekannt (+5),2026-05-28,neu
Sanitär Trautmann GmbH,Heizungsbauer,0511 48970770,,"Büttnerstraße 64, 30165 Hannover, Deutschland",https://www.sanitaer-traut-mann.de/,True,True,,True,1385,True,,ChIJNey915B1sEcRLQ-e5zQBo-o,5,6,10,Sehr gute Bewertung (+5) | Telefon bekannt (+5),2026-05-28,neu
Heizimpuls,Heizungsbauer,0511 45008405,,"Richard-Lattorf-Straße 8, 30453 Hannover, Deutschland",https://www.heizimpuls.de/,True,True,3,True,1756,True,14.03.2023,ChIJ-eN3DUR1sEcRZNBTJrBxVlE,5,6,10,Sehr gute Bewertung (+5) | Telefon bekannt (+5),2026-05-28,neu
Sanitär-Service Siegbert Smolin GmbH,Heizungsbauer,0511 661937,,"Lister Damm 7, 30163 Hannover, Deutschland",https://thermen-smoky.de/,True,True,,True,1655,True,,ChIJj4rF601zsEcRc2jEwOXNrfI,4.1,20,10,Gute Aktivität (20 Bewertungen) (+5) | Telefon bekannt (+5),2026-05-28,neu
Sanitär Trautmann GmbH,Sanitär,0511 48970770,,"Büttnerstraße 64, 30165 Hannover, Deutschland",https://www.sanitaer-traut-mann.de/,True,True,,True,1268,True,,ChIJNey915B1sEcRLQ-e5zQBo-o,5,6,10,Sehr gute Bewertung (+5) | Telefon bekannt (+5),2026-05-28,neu
Caliskan Sanitär | Heizung,Sanitär,0176 24759568,,"Schulenburger Landstraße 262d, 30419 Hannover, Deutschland",https://www.caliskan-shk.de/,True,True,,True,1295,True,,ChIJbVoyFIe660sRDGGqrqlMX_8,5,12,10,Sehr gute Bewertung (+5) | Telefon bekannt (+5),2026-05-28,neu
Jens Hallensleben Heizung - Sanitär,Sanitär,0511 9791990,,"Brandriede 2, 30419 Hannover, Deutschland",https://www.gelbeseiten.de/gsbiz/7b26cf4e-f708-452c-9adc-a852ab94744a,True,True,,True,926,True,,ChIJm0n2LxFzsEcRElZXDgNGuK0,4.8,4,10,Sehr gute Bewertung (+5) | Telefon bekannt (+5),2026-05-28,neu
Kuner GmbH & Co. Haustechnik KG,Sanitär,0511 463400,,"Stöckener Str. 159, 30419 Hannover, Deutschland",https://kuner-haustechnik.de/,True,True,,True,1735,True,,ChIJ99pNdbJ1sEcRa_eIlUA2rrI,5,15,10,Sehr gute Bewertung (+5) | Telefon bekannt (+5),2026-05-28,neu
Syrbe,Sanitär,0511 2105272,,"Fössestraße 77, 30451 Hannover, Deutschland",https://syrbe.net/,True,True,,True,1833,True,,ChIJjVjrQI10sEcRM2zLdDWosBQ,4.1,29,10,Gute Aktivität (29 Bewertungen) (+5) | Telefon bekannt (+5),2026-05-28,neu
Hikisch Trockenbau,Trockenbau,0173 7714621,,"Constantinstraße 50, 30177 Hannover, Deutschland",https://hikisch-trockenbau.de/,True,True,,True,1961,True,,ChIJFbmpbrcMsEcRZI48Umf1wHU,5,2,10,Sehr gute Bewertung (+5) | Telefon bekannt (+5),2026-05-28,neu
Sagros Allround Handwerker,Trockenbau,0178 9051698,,"Schneckenburgerstraße 20, 30177 Hannover, Deutschland",https://sagros-web.de/,True,True,,True,1360,True,,ChIJzctqwBcLsEcRpdpJEvNp6xc,5,12,10,Sehr gute Bewertung (+5) | Telefon bekannt (+5),2026-05-28,neu
Tischlerei Klauenberg GmbH,Fenster und Türen,0511 499049,,"Fränkische Str. 24, 30455 Hannover, Deutschland",https://www.tischlerei-klauenberg.de/,True,True,,True,1118,True,,ChIJIxVPtrR1sEcREb95CVAAFgs,4.2,22,10,Gute Aktivität (22 Bewertungen) (+5) | Telefon bekannt (+5),2026-05-28,neu
B & S Glastechnik Ottowicx GmbH,Fenster und Türen,0511 446828,,"Göttinger Ch 12-14, 30453 Hannover, Deutschland",https://www.glastechnik-ottowicx.de/,True,True,,True,1109,True,,ChIJHepOXt50sEcR43DvvJVmZbA,5,11,10,Sehr gute Bewertung (+5) | Telefon bekannt (+5),2026-05-28,neu
Göllner Garten- und Landschaftsbau GmbH,Gartenbau,0511 520604,,"Bemeroder Str. 57, 30559 Hannover, Deutschland",https://www.goellner-garten.de/,True,True,,True,1771,True,,ChIJGzaBoacLsEcRF7D1i2sb4pA,4.6,10,10,Sehr gute Bewertung (+5) | Telefon bekannt (+5),2026-05-28,neu
Abenteuer Gartenbau GmbH - Garten und Landschaftsbau Hannover,Gartenbau,0511 99943735,,"Welfenstraße 3, 30161 Hannover, Deutschland",https://www.abenteuer-gartenbau.de/,True,True,,True,1984,True,,ChIJ1dUmCGLpoY4Rofsk04OfnQQ,5,8,10,Sehr gute Bewertung (+5) | Telefon bekannt (+5),2026-05-28,neu
Garten & Landschaftsbau Hannover,Gartenbau,0177 3832820,,"Arndtstraße 26, 30167 Hannover, Deutschland",https://gartenbau-hannover-umg.de/,True,True,,True,1033,True,,ChIJUeulJQB1sEcR_pCugXMd6_0,5,5,10,Sehr gute Bewertung (+5) | Telefon bekannt (+5),2026-05-28,neu
Drewes,Gartenbau,0511 673332,,"Dornierstraße 5, 30179 Hannover, Deutschland",https://www.drewes-galabau.de/,True,True,,True,1184,True,,ChIJM0aYRjtzsEcRA0hX1577boY,5,8,10,Sehr gute Bewertung (+5) | Telefon bekannt (+5),2026-05-28,neu
Green Crew Hannover,Gartenbau,0511 93678147,,"Am Heidehaus 18, 30419 Hannover, Deutschland",https://green-crew.de/standorte/hannover/,True,True,,True,1411,True,,ChIJw2fSd_RormcRvSF_L_ZdW5w,4.9,7,10,Sehr gute Bewertung (+5) | Telefon bekannt (+5),2026-05-28,neu
Heinemeyer Garten- und Landschaftsbau GmbH,Gartenbau,01573 6959361,,"Alte Bemeroder Str. 119, 30539 Hannover, Deutschland",https://heinemeyer-garten.de/,True,True,,True,1583,True,,ChIJo1ginXMLsEcR7J4tnXmGysw,5,3,10,Sehr gute Bewertung (+5) | Telefon bekannt (+5),2026-05-28,neu
Hoxha Gartengestaltung & Pflege,Gartenbau,0511 72706149,,"Munzelwiese 21, 30855 Langenhagen, Deutschland",https://gartengestaltung-langenhagen.de/,True,True,,True,1025,True,,ChIJ-cXMIstzsEcRlYpBOHop1Bg,4.7,15,10,Sehr gute Bewertung (+5) | Telefon bekannt (+5),2026-05-28,neu
Garten- und Landschaftsbau Kretschmer GmbH,Gartenbau,0511 74085830,,"Resser Str. 26, 30855 Langenhagen, Deutschland",https://www.kretschmer-garten.de/,True,True,,True,1706,True,,ChIJ0RXsIY9xsEcRoqvX8iPyWCk,3.9,45,10,Gute Aktivität (45 Bewertungen) (+5) | Telefon bekannt (+5),2026-05-28,neu
Claudia Amelung,Gartenbau,0511 695175,,"Palmstraße 4, 30419 Hannover, Deutschland",https://www.claudia-amelung.de/,True,True,,True,981,True,,ChIJJaPQooZzsEcRF32MEO9qYhk,5,1,10,Sehr gute Bewertung (+5) | Telefon bekannt (+5),2026-05-28,neu
EG-Bau,Gartenbau,01515 5629922,,"Lister Damm 35, 30163 Hannover, Deutschland",https://gala-egbau.de/,True,True,,True,1534,True,,ChIJd1K-J0VzsEcRU40tyKrDQ40,5,3,10,Sehr gute Bewertung (+5) | Telefon bekannt (+5),2026-05-28,neu
4smile - Heitmann Unternehmensgruppe GmbH,Reinigungsfirma,0511 220056200,,"Flüggestraße 26a, 30161 Hannover, Deutschland",https://www.4smile-gebaeudedienste.de/,True,True,,True,1767,True,,ChIJ7yoUolJzsEcRYnzXxp_1Sec,5,14,10,Sehr gute Bewertung (+5) | Telefon bekannt (+5),2026-05-28,neu
"K1 Service in Hannover Reinigungsfirma für Büroreinigung, Praxisreinigung, Glasreinigung und Baureinigung",Reinigungsfirma,0511 51565668,,"Kohlrauschstraße 7, 30161 Hannover, Deutschland",https://www.k1services.de/,True,True,,True,637,True,,ChIJyVM8uwZ1sEcRn6LmksDIOXU,5,3,10,Sehr gute Bewertung (+5) | Telefon bekannt (+5),2026-05-28,neu
MiM Reinigung,Reinigungsfirma,0176 79235720,,"Vahrenwalder Str. 97, 30165 Hannover, Deutschland",https://www.mim-reinigung.de/,True,True,,True,1531,True,,ChIJK4YYNS75dIsRrYcWPjcDScQ,5,14,10,Sehr gute Bewertung (+5) | Telefon bekannt (+5),2026-05-28,neu
Immoclean Hannover - Gebäudereinigung / Reinigungsdienst,Reinigungsfirma,0511 71109991,,"Kohnestraße 25A, 30559 Hannover, Deutschland",https://www.immoclean-hannover.de/,True,True,,True,1078,True,,ChIJSwl1r8wLsEcRdGBkwK8qyRY,5,6,10,Sehr gute Bewertung (+5) | Telefon bekannt (+5),2026-05-28,neu
H&B Reinigungsservice,Reinigungsfirma,01520 9021211,,"Freudenthalstraße 8D, 30419 Hannover, Deutschland",https://www.hbreinigung.com/,True,True,,True,1317,True,,ChIJ43T_MMZzsEcRj6D1IuvrQ3g,5,14,10,Sehr gute Bewertung (+5) | Telefon bekannt (+5),2026-05-28,neu
HanoKey Schlüsseldienst,Schlüsseldienst,0511 95731830,,"Vahrenwalder Str. 153, 30165 Hannover, Deutschland",https://hanokey.de/,True,True,,True,1537,True,,ChIJzwbsuolzsEcR1vOPQLOAeqU,5,11,10,Sehr gute Bewertung (+5) | Telefon bekannt (+5),2026-05-28,neu
LockTec Schlüsseldienst Bothfeld,Schlüsseldienst,0511 10531687,,"An den Deichwiesen 1, 30659 Hannover, Deutschland",https://locktec-hannover.de/schluesseldienst-bothfeld/?utm_source=google_profile&utm_campaign=localo&utm_medium=mainlink,True,True,,True,1762,True,,ChIJ4VfNw-ANsEcRKTxeSNKfrK0,4.8,12,10,Sehr gute Bewertung (+5) | Telefon bekannt (+5),2026-05-28,neu
Tresorum - Tresoröffnung,Schlüsseldienst,,,"Kochstraße 19, 30451 Hannover, Deutschland",https://tresorum.de/,True,True,,True,2691,True,,ChIJ3xQsJmt1sEcRY5mRBESuk08,5,2,10,Langsam (2691ms) (+5) | Sehr gute Bewertung (+5),2026-05-28,neu
Jörg Deterding GmbH & Co. KG,Schlüsseldienst,0511 3880009,,"Dessauerstraße 16, 30161 Hannover, Deutschland",https://www.deterding-sicherheitstechnik.de/hannover?utm_source=google&utm_medium=gmb&utm_campaign=mybusiness&utm_content=hannover,True,True,,True,2530,True,,ChIJ5RVcgFRwsEcRdpHE2C0teA8,3.5,8,10,Langsam (2530ms) (+5) | Telefon bekannt (+5),2026-05-28,neu
HELMS Elektro-Anlagen GmbH & Co. KG,Elektriker,0511 715242,,"Weidendamm 34, 30167 Hannover, Deutschland",https://www.elektro-helms.de/,True,True,,True,1392,True,,ChIJpyhOFqB0sEcR0UUE6zw3J8Q,4.4,13,5,Telefon bekannt (+5),2026-05-28,neu
Malermeister Schmidt,Maler,0511 5334675,,"Steinkampweg 26A, 30539 Hannover, Deutschland",https://www.maler-schmidt-hannover.de/,True,True,,True,1376,True,,ChIJ-Q9PMMYLsEcRdAWYoPYNh8w,4.2,10,5,Telefon bekannt (+5),2026-05-28,neu
Malermeister Mieleszko - Hannover,Maler,01522 9576071,,"Lister Kirchweg 99, 30177 Hannover, Deutschland",https://www.malermeister-mieleszko.de/,True,True,4,True,1617,True,30.03.2022,ChIJIcMUL0UNsEcR_HPGZ-M04nA,4.3,6,5,Telefon bekannt (+5),2026-05-28,neu
Taebel Inh. Martin Rose e. K.,Heizungsbauer,0511 697079,,"Hebbelstraße 1, 30177 Hannover, Deutschland",https://www.taebel.de/,True,True,,True,1725,True,,ChIJ5xY2DLoMsEcR-95LC8XSlOg,4.3,15,5,Telefon bekannt (+5),2026-05-28,neu
Taebel Inh. Martin Rose e. K.,Sanitär,0511 697079,,"Hebbelstraße 1, 30177 Hannover, Deutschland",https://www.taebel.de/,True,True,,True,1637,True,,ChIJ5xY2DLoMsEcR-95LC8XSlOg,4.3,15,5,Telefon bekannt (+5),2026-05-28,neu
P. Mock Sanitär & Heizung,Sanitär,0511 3883333,,"Lister Meile 11, 30161 Hannover, Deutschland",https://badezimmer-sanierung-hannover.de/,True,True,,True,1904,True,,ChIJEcqk3IE5ZUERUgbvWlPoZGk,3.9,16,5,Telefon bekannt (+5),2026-05-28,neu
Trockenbau Zauber Hannover,Trockenbau,02307 9674348,,"Aegidientorpl. 2A, 30159 Hannover, Deutschland",https://trockenbau-zauber.de/hannover/,True,True,,True,1455,True,,ChIJtwpP4fJ1sEcRhD19v0Jy5BE,0.0,0,5,Telefon bekannt (+5),2026-05-28,neu
Bach & Co. Ind. Fensterbau,Fenster und Türen,0162 9423301,,"Am Brabrinke 14, 30519 Hannover, Deutschland",https://fenster-bach.de/,True,True,,True,1372,True,,ChIJCRsDhMYLsEcRlISfMjwkvKQ,0.0,0,5,Telefon bekannt (+5),2026-05-28,neu
Gartenbaubetrieb Barbian,Gartenbau,0511 800058,,"Kleine Düwelstraße 9, 30171 Hannover, Deutschland",https://www.galabau-barbian.de/,True,True,,True,1545,True,,ChIJe2dwy3MSsEcRHcRbUV2fP2A,4,1,5,Telefon bekannt (+5),2026-05-28,neu
Schlüsseldienst Ahlem-Badenstedt-Davenstedt,Schlüsseldienst,01579 2471312,,"Badenstedter Str. 223, 30455 Hannover, Deutschland",https://schluesseldienst-ahlem-badenstedt-davenstedt.de/,True,True,,True,1759,True,,ChIJz1rEkJx1sEcRQHQdUk4yeZk,0.0,0,5,Telefon bekannt (+5),2026-05-28,neu
